iter	Logloss
0	0.6027643585
1	0.5083895493
2	0.4574755096
3	0.4041377258
4	0.3761529541
5	0.3501516724
6	0.3231625366
7	0.3015296936
8	0.2801419067
9	0.2651397896
