customer_id,plan,billing_cycle,region,tenure_months,seats,monthly_spend,events_per_day_k,dashboards_created,api_calls_30d,support_tickets_90d,nps_score,integrations_count,churned
C100000,growth,annual,us,18,35,72.07,206.7,12,7857,2,9,1,0
C100001,starter,monthly,apac,11,7,23.54,15.9,3,4855,1,7,1,0
C100002,enterprise,annual,eu,6,95,281.47,343.1,45,22525,2,6,2,0
C100003,growth,monthly,eu,14,17,73.46,43.5,13,4017,2,10,0,0
C100004,starter,monthly,us,40,9,24.36,13.5,3,783,2,5,1,1
C100005,enterprise,monthly,us,12,80,315.73,239.9,22,81195,2,9,10,0
C100006,growth,monthly,us,14,28,80.84,72.2,10,16820,1,10,0,0
C100007,growth,monthly,us,32,47,90.73,24.8,14,31143,1,7,1,0
C100008,starter,monthly,us,18,6,23.08,10.8,2,371,2,8,2,0
C100009,starter,monthly,us,26,2,20.68,8.5,3,672,0,4,5,0
C100010,starter,monthly,apac,19,2,20.68,5.6,1,211,0,7,3,0
C100011,enterprise,monthly,us,19,68,302.33,171.4,17,30060,2,10,3,0
C100012,growth,annual,us,3,25,67.15,27.2,10,7414,3,8,2,1
C100013,growth,monthly,eu,5,22,77.04,48.6,7,7800,1,7,2,0
C100014,starter,monthly,eu,17,12,25.44,21.1,6,1411,3,10,1,0
C100015,starter,monthly,eu,7,4,22.04,7.1,0,365,1,9,2,0
C100016,growth,monthly,us,14,15,71.88,17.4,6,1882,3,9,3,0
C100017,starter,monthly,us,5,2,20.68,8.7,1,646,1,6,0,1
C100018,growth,monthly,eu,32,32,83.15,74.6,10,5701,3,2,3,1
C100019,growth,annual,us,8,17,62.44,37.5,8,4760,1,8,0,0
C100020,growth,monthly,eu,6,8,65.28,64.7,5,720,1,7,2,0
C100021,starter,monthly,eu,4,4,22.04,11.4,1,925,2,9,3,1
C100022,enterprise,monthly,apac,24,48,277.02,202.5,22,37240,4,8,4,0
C100023,enterprise,annual,eu,14,64,252.96,140.7,20,19056,0,7,3,0
C100024,growth,annual,eu,31,18,63.08,26.1,7,5721,3,7,2,0
C100025,starter,annual,us,9,2,17.58,2.2,1,704,1,5,0,1
C100026,starter,annual,eu,5,3,18.21,7.6,2,448,2,4,1,1
C100027,starter,annual,us,13,2,17.58,0.7,1,2128,1,6,4,0
C100028,starter,monthly,apac,35,2,20.68,5.6,2,676,0,5,1,1
C100029,growth,annual,us,3,10,57.28,23.7,7,2639,1,7,1,0
C100030,growth,monthly,us,18,14,71.05,22.5,5,5808,2,4,3,1
C100031,enterprise,monthly,eu,19,51,281.12,87.0,15,26279,2,6,5,0
C100032,starter,annual,us,39,5,19.2,4.2,4,375,0,10,3,0
C100033,starter,monthly,eu,7,4,22.04,21.6,2,978,1,7,0,1
C100034,starter,monthly,eu,3,7,23.54,10.7,1,11886,0,8,0,1
C100035,starter,monthly,apac,10,10,24.74,9.6,9,9981,1,7,2,0
C100036,starter,monthly,eu,26,5,22.59,14.6,3,1045,2,8,3,0
C100037,starter,annual,us,15,5,19.2,10.8,5,2214,1,6,1,0
C100038,starter,monthly,eu,21,5,22.59,7.8,2,857,1,7,0,0
C100039,growth,annual,us,6,22,65.49,29.3,7,6723,2,6,6,1
C100040,starter,monthly,eu,12,4,22.04,8.2,3,616,0,4,0,1
C100041,growth,annual,eu,15,17,62.44,81.1,9,2471,3,10,2,0
C100042,growth,monthly,us,3,10,67.39,26.4,8,1321,2,6,3,0
C100043,starter,annual,us,15,6,19.62,11.5,4,6227,0,10,1,1
C100044,growth,monthly,apac,11,17,73.46,57.4,4,2460,0,6,2,0
C100045,growth,monthly,eu,72,37,85.84,68.9,15,22886,4,5,1,0
C100046,starter,monthly,us,14,6,23.08,15.6,3,929,1,10,2,0
C100047,starter,monthly,apac,41,2,20.68,5.1,2,300,0,4,1,0
C100048,growth,monthly,us,21,33,83.71,91.3,9,10378,0,3,1,1
C100049,starter,annual,us,13,1,16.76,2.1,1,84,1,4,4,0
C100050,starter,annual,eu,37,10,21.03,8.6,3,4092,2,7,3,0
C100051,starter,annual,us,5,2,17.58,8.7,1,433,0,5,2,1
C100052,growth,monthly,apac,10,23,77.71,121.6,12,3113,3,6,0,0
C100053,growth,monthly,us,27,22,77.04,18.9,7,2455,4,3,2,1
C100054,growth,annual,apac,1,31,70.2,64.4,11,40503,5,10,0,1
C100055,growth,annual,us,14,15,61.1,20.5,4,3248,4,8,2,1
C100056,starter,monthly,us,14,1,19.72,5.2,1,252,1,5,5,1
C100057,growth,annual,eu,17,15,61.1,33.3,12,7349,2,3,0,1
C100058,starter,monthly,us,12,3,21.42,65.7,1,333,1,6,0,1
C100059,starter,annual,apac,26,1,16.76,2.3,1,749,3,9,1,0
C100060,growth,annual,us,7,18,63.08,98.0,9,3883,0,10,0,0
C100061,starter,annual,eu,29,2,17.58,14.4,1,141,1,7,1,0
C100062,growth,monthly,us,5,24,78.36,64.2,7,3307,2,6,0,1
C100063,growth,monthly,us,18,15,71.88,28.7,6,1250,2,6,3,0
C100064,growth,monthly,apac,34,47,90.73,91.5,13,11177,2,8,1,0
C100065,growth,annual,eu,7,15,61.1,28.2,8,1640,1,9,1,0
C100066,growth,monthly,eu,8,22,77.04,89.8,10,2168,1,7,1,0
C100067,starter,annual,eu,30,3,18.21,3.5,2,924,0,7,1,0
C100068,starter,annual,eu,16,1,16.76,2.5,1,281,0,9,2,0
C100069,starter,monthly,apac,3,3,21.42,5.3,3,2108,0,10,4,0
C100070,starter,monthly,eu,17,5,22.59,3.0,1,3281,2,7,1,0
C100071,starter,annual,us,23,5,19.2,18.2,3,1215,1,8,3,0
C100072,enterprise,monthly,eu,30,69,303.49,263.5,25,23878,0,6,4,0
C100073,starter,monthly,eu,18,1,19.72,1.8,0,76,0,8,0,0
C100074,starter,monthly,apac,21,5,22.59,20.6,1,2152,1,5,2,1
C100075,starter,monthly,us,43,4,22.04,2.7,1,1346,4,10,2,1
C100076,starter,annual,eu,28,6,19.62,12.0,1,3233,1,9,1,0
C100077,growth,monthly,eu,12,15,71.88,25.6,9,2543,1,10,1,0
C100078,growth,monthly,apac,13,7,64.12,14.5,3,1216,0,6,2,0
C100079,growth,monthly,apac,33,23,77.71,44.9,7,3932,1,10,2,0
C100080,growth,monthly,eu,18,17,73.46,29.9,10,13784,0,8,0,0
C100081,starter,monthly,us,16,8,23.96,11.7,4,2335,1,7,4,0
C100082,growth,annual,eu,11,18,63.08,31.0,5,1043,0,10,1,0
C100083,starter,monthly,us,32,3,21.42,16.6,5,1268,0,5,0,1
C100084,starter,monthly,eu,7,4,22.04,5.5,2,613,2,7,0,1
C100085,starter,annual,us,10,2,17.58,22.3,2,1301,1,7,2,0
C100086,growth,monthly,apac,32,13,70.19,15.6,2,4726,3,8,2,1
C100087,starter,monthly,eu,32,3,21.42,7.6,1,2168,1,6,2,0
C100088,starter,monthly,us,62,2,20.68,6.9,2,1248,2,6,3,0
C100089,growth,monthly,eu,14,16,72.68,24.3,3,8300,1,7,0,1
C100090,starter,monthly,eu,11,10,24.74,50.0,7,6246,0,7,4,0
C100091,growth,annual,eu,12,30,69.71,80.6,18,13848,2,8,2,0
C100092,starter,annual,eu,3,4,18.73,7.1,3,498,0,10,2,0
C100093,starter,monthly,apac,2,8,23.96,40.2,3,647,1,3,1,1
C100094,starter,monthly,eu,18,2,20.68,2.3,3,232,0,9,3,0
C100095,growth,monthly,apac,11,62,97.16,75.8,17,26424,3,6,2,0
C100096,starter,monthly,eu,8,3,21.42,9.5,2,96,0,7,2,0
C100097,starter,annual,us,16,10,21.03,33.3,6,2219,1,5,1,0
C100098,starter,annual,us,18,10,21.03,23.8,2,1771,0,7,2,1
C100099,enterprise,annual,apac,13,33,216.15,55.3,17,21993,2,7,2,0
C100100,enterprise,monthly,eu,13,166,391.37,251.4,54,32909,1,7,6,0
C100101,growth,annual,eu,11,15,61.1,61.8,10,2404,1,9,5,0
C100102,starter,monthly,us,24,3,21.42,7.6,0,2321,1,9,1,1
C100103,enterprise,monthly,us,9,103,338.86,101.2,35,20907,0,10,8,0
C100104,growth,annual,us,6,10,57.28,9.9,1,1791,2,6,3,0
C100105,growth,monthly,eu,10,23,77.71,122.3,12,3290,1,9,1,0
C100106,starter,annual,eu,17,2,17.58,2.8,2,634,0,9,0,0
C100107,starter,annual,us,26,4,18.73,9.9,1,690,0,8,1,0
C100108,starter,annual,us,49,7,20.01,35.0,3,1184,1,10,1,0
C100109,enterprise,monthly,us,16,97,333.1,256.6,36,78896,1,6,2,0
C100110,starter,monthly,eu,41,3,21.42,3.8,3,742,2,8,0,0
C100111,starter,annual,eu,9,5,19.2,4.9,2,768,1,8,2,0
C100112,starter,annual,apac,7,1,16.76,10.4,0,110,1,5,2,0
C100113,growth,monthly,us,20,11,68.36,10.0,2,2953,1,10,2,0
C100114,starter,annual,eu,23,3,18.21,4.3,0,429,0,7,3,0
C100115,enterprise,monthly,apac,17,118,352.57,277.0,34,18671,2,8,7,0
C100116,growth,monthly,us,72,22,77.04,34.8,7,2272,0,10,2,0
C100117,growth,annual,eu,9,23,66.05,63.4,8,6101,3,8,2,1
C100118,starter,monthly,eu,36,3,21.42,2.3,2,220,1,7,2,0
C100119,growth,monthly,us,8,12,69.29,19.5,4,3896,4,8,0,1
C100120,growth,annual,eu,24,37,72.97,108.6,6,5008,0,5,1,0
C100121,growth,annual,us,15,12,58.9,36.4,3,5127,3,7,3,0
C100122,starter,annual,us,18,4,18.73,5.5,4,1439,1,7,1,0
C100123,starter,monthly,eu,20,3,21.42,3.1,1,780,2,8,0,1
C100124,starter,annual,apac,16,5,19.2,11.6,0,2463,0,10,1,0
C100125,starter,monthly,eu,13,2,20.68,1.8,2,1990,0,9,3,1
C100126,starter,monthly,eu,2,6,23.08,29.0,3,4291,1,6,4,0
C100127,starter,monthly,us,28,7,23.54,15.2,6,489,1,7,0,0
C100128,starter,annual,us,5,6,19.62,7.2,4,795,1,10,2,0
C100129,growth,annual,eu,11,19,63.71,16.8,5,2739,0,4,3,0
C100130,starter,annual,us,19,3,18.21,4.1,3,1261,0,7,1,0
C100131,enterprise,annual,apac,5,328,417.97,198.2,116,45131,2,5,2,1
C100132,growth,monthly,us,13,10,67.39,26.9,1,1357,1,10,1,0
C100133,starter,monthly,us,26,6,23.08,6.7,4,708,0,9,3,0
C100134,growth,monthly,eu,11,21,76.36,51.3,9,6111,1,6,4,0
C100135,starter,monthly,eu,14,3,21.42,9.3,7,1257,2,7,2,0
C100136,enterprise,monthly,us,7,87,323.09,309.9,36,6449,1,6,7,0
C100137,starter,annual,eu,12,3,18.21,7.6,4,447,0,10,0,0
C100138,growth,annual,us,5,22,65.49,89.2,10,888,2,3,2,1
C100139,starter,annual,eu,17,4,18.73,21.6,3,108,5,8,1,0
C100140,starter,monthly,eu,4,15,26.39,33.5,7,5182,1,7,0,0
C100141,starter,monthly,eu,9,6,23.08,14.7,4,1820,0,5,2,1
C100142,enterprise,monthly,eu,15,103,338.86,126.2,41,26522,2,7,1,0
C100143,growth,monthly,eu,13,24,78.36,22.1,8,22234,1,4,2,0
C100144,starter,monthly,us,20,10,24.74,46.6,1,498,1,10,2,0
C100145,starter,monthly,us,14,2,20.68,7.0,1,75,2,7,1,0
C100146,starter,monthly,eu,2,3,21.42,10.4,0,258,0,9,3,0
C100147,growth,annual,eu,5,6,53.45,7.8,2,203,0,6,1,0
C100148,starter,monthly,us,15,5,22.59,31.2,3,662,0,10,0,0
C100149,starter,monthly,eu,31,6,23.08,10.1,3,2315,1,7,1,0
C100150,growth,monthly,us,27,10,67.39,10.8,4,2938,1,10,1,0
C100151,enterprise,monthly,us,72,163,389.13,197.0,65,90539,3,9,7,0
C100152,starter,monthly,us,10,2,20.68,13.8,1,684,1,7,0,0
C100153,growth,monthly,apac,26,15,71.88,12.9,8,2329,5,9,2,1
C100154,starter,monthly,us,24,4,22.04,4.8,1,579,1,10,0,0
C100155,growth,monthly,apac,42,39,86.87,541.6,18,12794,0,5,0,0
C100156,starter,annual,apac,35,2,17.58,8.9,0,124,1,7,1,0
C100157,growth,monthly,eu,18,20,75.66,22.1,10,255,0,5,4,0
C100158,growth,monthly,eu,23,26,79.63,22.4,14,8198,0,8,1,0
C100159,growth,monthly,eu,20,23,77.71,13.1,12,6310,1,8,1,0
C100160,starter,monthly,eu,14,5,22.59,10.7,4,4722,1,10,1,0
C100161,enterprise,monthly,us,22,117,351.68,352.2,41,48268,1,7,2,0
C100162,starter,annual,eu,17,3,18.21,18.5,2,938,1,9,4,0
C100163,starter,monthly,eu,16,9,24.36,4.6,7,1533,2,3,0,1
C100164,growth,annual,eu,43,17,62.44,12.5,7,1826,0,8,0,0
C100165,starter,monthly,us,18,3,21.42,5.9,2,552,0,6,1,0
C100166,growth,monthly,us,16,35,84.79,450.5,12,18308,2,9,1,0
C100167,growth,monthly,apac,13,13,70.19,45.4,4,4417,1,10,0,0
C100168,starter,monthly,eu,12,4,22.04,10.6,4,2156,0,6,1,0
C100169,enterprise,monthly,eu,5,55,286.39,42.4,20,13375,2,9,5,0
C100170,starter,annual,apac,14,14,22.17,5.9,6,1393,1,7,2,0
C100171,growth,annual,us,32,57,80.85,106.5,24,35781,1,7,1,0
C100172,starter,annual,us,9,3,18.21,6.0,2,1860,0,8,1,0
C100173,enterprise,monthly,us,1,103,338.86,154.5,36,26837,1,5,5,0
C100174,starter,annual,eu,21,4,18.73,6.3,2,1534,2,5,0,1
C100175,starter,monthly,apac,17,3,21.42,3.8,0,1114,1,9,1,0
C100176,starter,monthly,us,43,4,22.04,4.1,5,610,0,6,0,1
C100177,enterprise,annual,us,9,78,266.53,374.0,30,13618,0,10,8,0
C100178,enterprise,annual,us,5,37,221.67,36.3,15,3612,1,4,3,0
C100179,growth,annual,eu,12,20,64.31,30.5,9,3510,2,9,0,0
C100180,enterprise,annual,eu,11,78,266.53,137.6,20,43521,2,7,0,0
C100181,enterprise,monthly,us,3,93,329.16,276.1,41,43722,4,7,4,1
C100182,growth,annual,us,16,17,62.44,17.4,4,6265,1,8,0,0
C100183,starter,monthly,eu,10,3,21.42,12.7,4,1683,1,4,5,0
C100184,growth,annual,eu,38,27,68.2,33.1,14,4312,1,10,3,0
C100185,growth,annual,apac,16,23,66.05,37.9,6,1778,1,6,2,0
C100186,starter,monthly,eu,8,8,23.96,48.6,3,1572,2,6,1,1
C100187,starter,monthly,eu,15,5,22.59,5.1,1,1072,1,10,4,0
C100188,growth,monthly,us,17,16,72.68,49.4,6,6558,4,7,2,1
C100189,starter,monthly,us,22,5,22.59,20.2,4,1822,0,6,2,1
C100190,enterprise,monthly,us,15,29,247.4,66.1,13,15967,2,9,4,0
C100191,starter,annual,apac,54,11,21.33,19.2,3,403,1,8,0,0
C100192,starter,monthly,eu,5,4,22.04,36.3,5,453,0,10,2,0
C100193,growth,annual,apac,10,53,79.4,95.5,28,10786,3,8,4,0
C100194,starter,monthly,apac,8,2,20.68,5.3,2,754,1,9,0,1
C100195,starter,monthly,us,11,2,20.68,3.6,1,3227,2,10,4,1
C100196,growth,monthly,us,19,21,76.36,43.1,10,1938,0,6,1,0
C100197,enterprise,annual,eu,18,95,281.47,337.8,34,11059,2,6,3,0
C100198,starter,monthly,eu,22,4,22.04,6.8,0,635,2,4,1,0
C100199,starter,monthly,eu,16,4,22.04,1.9,1,475,0,8,3,0
C100200,growth,monthly,eu,17,13,70.19,35.0,6,1308,2,8,0,0
C100201,enterprise,annual,apac,16,38,223.0,32.6,10,8765,2,10,5,0
C100202,growth,monthly,eu,10,20,75.66,62.2,6,10785,1,7,1,0
C100203,starter,monthly,us,10,2,20.68,4.6,1,546,0,7,2,0
C100204,starter,annual,eu,8,2,17.58,8.9,1,226,2,8,1,0
C100205,starter,annual,eu,23,3,18.21,3.3,3,595,1,7,1,0
C100206,starter,monthly,eu,2,4,22.04,5.6,3,365,2,8,0,1
C100207,growth,monthly,eu,16,48,91.19,68.9,29,25701,0,8,3,0
C100208,starter,monthly,us,26,6,23.08,4.2,3,5149,0,9,6,0
C100209,growth,monthly,apac,31,36,85.32,143.3,12,1897,0,7,1,0
C100210,growth,annual,eu,1,24,66.61,14.2,7,6550,1,9,2,0
C100211,growth,monthly,apac,11,21,76.36,83.6,9,2318,2,9,0,1
C100212,starter,monthly,us,8,14,26.08,35.3,5,3312,0,7,1,0
C100213,growth,monthly,us,10,9,66.36,15.0,9,1880,0,7,0,1
C100214,growth,monthly,eu,35,14,71.05,33.4,3,936,2,7,1,0
C100215,growth,monthly,eu,8,15,71.88,35.0,9,9943,0,5,3,0
C100216,starter,annual,apac,26,6,19.62,8.9,6,1195,1,6,1,1
C100217,starter,monthly,us,17,2,20.68,5.7,1,321,1,9,1,0
C100218,enterprise,annual,eu,10,117,298.93,353.0,35,28636,0,9,3,0
C100219,starter,annual,us,9,5,19.2,5.2,9,525,2,8,1,0
C100220,starter,monthly,eu,18,6,23.08,15.0,0,1161,0,5,0,1
C100221,starter,monthly,us,14,5,22.59,1.6,8,220,1,9,2,0
C100222,growth,monthly,eu,3,38,86.36,18.0,18,1008,3,10,2,1
C100223,enterprise,monthly,apac,6,78,313.57,209.9,22,7188,1,9,7,0
C100224,starter,monthly,eu,18,5,22.59,7.5,5,712,2,7,2,0
C100225,enterprise,annual,eu,5,55,243.43,55.0,19,2499,0,6,1,0
C100226,starter,monthly,us,28,2,20.68,4.4,2,313,1,7,4,1
C100227,growth,monthly,eu,4,43,88.84,59.4,25,5883,1,6,2,0
C100228,growth,monthly,apac,12,11,68.36,10.4,6,2337,2,7,3,1
C100229,starter,monthly,us,23,5,22.59,3.2,3,1999,1,10,2,0
C100230,starter,annual,eu,6,5,19.2,2.5,2,5369,2,9,1,1
C100231,starter,monthly,eu,5,7,23.54,22.8,2,2338,2,7,5,1
C100232,enterprise,annual,apac,20,34,217.56,46.3,17,3106,0,8,6,0
C100233,growth,annual,us,26,28,68.72,101.3,13,11314,2,7,1,0
C100234,enterprise,monthly,apac,13,77,312.48,103.1,24,59930,1,6,5,0
C100235,growth,monthly,eu,11,13,70.19,31.3,7,1062,2,5,2,1
C100236,starter,monthly,apac,3,3,21.42,5.9,4,272,1,9,3,0
C100237,growth,annual,us,16,30,69.71,56.7,21,1851,2,10,1,0
C100238,starter,monthly,us,2,5,22.59,10.7,2,692,5,6,1,1
C100239,starter,annual,eu,35,3,18.21,4.7,2,993,1,6,1,0
C100240,growth,annual,eu,13,10,57.28,8.0,8,8549,2,9,2,0
C100241,growth,annual,apac,7,10,57.28,32.5,4,5020,2,6,1,0
C100242,starter,monthly,apac,9,5,22.59,30.5,4,1627,1,4,3,0
C100243,growth,monthly,eu,16,9,66.36,54.9,4,2115,4,6,1,1
C100244,growth,annual,apac,10,16,61.78,20.2,7,5078,2,10,1,0
C100245,enterprise,monthly,eu,14,305,479.31,329.2,96,100718,1,6,2,1
C100246,growth,annual,eu,6,22,65.49,27.5,5,15801,3,6,1,1
C100247,starter,monthly,eu,31,5,22.59,8.8,3,1129,1,6,2,0
C100248,starter,monthly,eu,9,2,20.68,4.4,2,620,1,5,1,0
C100249,starter,annual,eu,2,2,17.58,2.3,4,339,0,5,0,1
C100250,growth,monthly,eu,11,26,79.63,17.0,14,6390,0,7,2,1
C100251,enterprise,monthly,eu,8,69,303.49,129.7,25,12093,2,4,4,0
C100252,starter,monthly,us,30,7,23.54,1.1,3,545,0,7,0,0
C100253,starter,monthly,us,7,4,22.04,7.6,1,2041,0,8,3,0
C100254,starter,annual,us,10,23,24.25,21.9,11,19504,0,8,1,0
C100255,growth,monthly,eu,17,14,71.05,45.2,6,3026,0,7,2,0
C100256,growth,monthly,us,22,21,76.36,80.8,13,6297,1,5,1,0
C100257,starter,monthly,eu,37,2,20.68,9.7,5,1064,0,7,1,0
C100258,starter,annual,us,7,7,20.01,10.7,6,1398,1,8,2,0
C100259,growth,monthly,us,34,23,77.71,19.2,13,6061,1,9,2,0
C100260,starter,annual,eu,29,2,17.58,2.6,1,403,1,7,0,0
C100261,growth,annual,eu,8,16,61.78,36.4,5,2177,2,6,1,0
C100262,starter,monthly,us,7,8,23.96,4.9,3,2894,0,8,1,0
C100263,starter,annual,apac,19,7,20.01,36.1,4,2522,0,7,3,0
C100264,enterprise,annual,us,14,41,226.9,59.3,12,20806,0,5,3,0
C100265,starter,monthly,apac,19,3,21.42,9.1,0,708,0,8,1,0
C100266,starter,monthly,apac,11,10,24.74,5.5,3,764,0,7,2,0
C100267,starter,annual,eu,15,3,18.21,3.3,1,1924,0,5,1,0
C100268,starter,annual,us,13,4,18.73,2.2,3,480,0,6,2,1
C100269,starter,annual,eu,19,7,20.01,27.8,5,808,0,7,1,0
C100270,starter,annual,us,7,2,17.58,4.1,1,304,0,4,1,1
C100271,starter,monthly,eu,16,2,20.68,6.9,1,102,1,6,3,0
C100272,starter,annual,apac,37,3,18.21,6.7,4,584,0,9,2,0
C100273,growth,annual,us,35,34,71.61,86.3,16,13148,2,6,1,0
C100274,growth,monthly,eu,18,31,82.59,44.9,15,4650,0,6,0,0
C100275,starter,monthly,eu,7,6,23.08,10.2,6,4569,1,10,1,1
C100276,starter,monthly,eu,49,3,21.42,6.0,2,2239,1,8,3,0
C100277,growth,annual,us,19,33,71.15,80.2,13,16275,2,9,1,0
C100278,enterprise,monthly,apac,45,77,312.48,188.9,24,2978,0,6,8,0
C100279,enterprise,annual,eu,20,112,295.11,1449.9,44,89724,1,7,5,0
C100280,starter,monthly,us,1,6,23.08,38.3,8,1107,2,7,3,1
C100281,starter,monthly,us,48,9,24.36,5.0,4,9195,1,8,1,1
C100282,starter,monthly,eu,26,4,22.04,7.4,1,540,1,10,3,0
C100283,starter,monthly,us,15,3,21.42,4.8,1,626,2,8,3,0
C100284,growth,annual,eu,3,36,72.52,161.2,18,8640,3,10,0,1
C100285,starter,monthly,eu,28,8,23.96,12.3,1,782,0,10,1,0
C100286,starter,annual,eu,20,3,18.21,8.9,1,165,1,10,1,0
C100287,starter,monthly,apac,58,2,20.68,0.9,0,57,0,8,1,0
C100288,growth,annual,eu,42,34,71.61,21.6,13,107386,0,10,2,0
C100289,starter,monthly,eu,45,1,19.72,12.1,2,60,0,8,2,0
C100290,growth,monthly,us,17,8,65.28,16.0,7,408,1,7,3,0
C100291,starter,monthly,apac,17,3,21.42,3.2,4,1188,1,9,0,0
C100292,enterprise,monthly,us,20,84,319.97,180.4,23,5145,1,9,4,0
C100293,starter,monthly,eu,8,2,20.68,2.2,2,115,2,8,0,0
C100294,growth,annual,us,15,20,64.31,30.3,7,335,2,7,2,0
C100295,enterprise,monthly,eu,13,91,327.16,59.6,30,26119,1,6,3,0
C100296,enterprise,monthly,us,34,62,295.18,64.8,19,5226,3,5,6,1
C100297,growth,monthly,eu,38,49,91.64,66.6,25,19324,2,8,0,1
C100298,growth,monthly,eu,24,22,77.04,89.0,12,4568,2,8,2,0
C100299,growth,annual,eu,7,31,70.2,78.6,20,7420,2,9,2,0
C100300,growth,monthly,us,50,8,65.28,24.1,5,1204,2,4,3,1
C100301,starter,annual,eu,28,1,16.76,2.7,2,211,0,8,1,0
C100302,growth,annual,eu,19,22,65.49,72.2,7,2186,3,7,2,1
C100303,growth,monthly,us,22,45,89.8,44.5,14,4843,1,7,1,0
C100304,enterprise,monthly,us,4,48,277.02,52.3,11,3960,2,10,7,1
C100305,starter,monthly,eu,13,4,22.04,10.9,2,3633,2,10,1,0
C100306,starter,monthly,us,36,2,20.68,3.8,2,343,1,10,0,0
C100307,growth,monthly,us,4,12,69.29,22.4,2,350,3,8,0,1
C100308,starter,annual,eu,4,4,18.73,7.3,1,1174,0,7,2,1
C100309,starter,annual,apac,28,3,18.21,15.4,4,344,1,10,0,0
C100310,starter,monthly,apac,21,2,20.68,11.5,1,471,0,10,1,0
C100311,starter,annual,eu,4,2,17.58,3.0,1,384,2,10,3,1
C100312,starter,monthly,eu,12,1,19.72,0.8,3,1032,1,8,1,0
C100313,starter,annual,eu,19,5,19.2,6.1,3,814,0,7,3,0
C100314,starter,monthly,eu,17,5,22.59,5.3,3,2397,1,9,4,0
C100315,starter,monthly,us,20,5,22.59,17.9,1,2180,0,9,1,0
C100316,starter,annual,apac,11,2,17.58,8.8,1,143,0,7,2,0
C100317,growth,annual,apac,18,29,69.22,25.8,14,7614,1,7,1,0
C100318,starter,annual,eu,24,5,19.2,5.9,3,581,0,10,2,0
C100319,enterprise,monthly,eu,23,80,315.73,51.5,35,5947,2,7,5,0
C100320,enterprise,annual,eu,12,73,261.84,145.5,26,5448,3,9,6,0
C100321,starter,monthly,us,25,2,20.68,4.5,1,1026,0,6,0,0
C100322,starter,monthly,eu,7,4,22.04,14.2,4,10036,0,7,4,0
C100323,growth,monthly,apac,9,40,87.37,103.4,13,4287,1,5,2,1
C100324,growth,monthly,apac,28,31,82.59,87.1,9,8342,1,5,4,0
C100325,growth,monthly,eu,25,15,71.88,9.5,6,4430,1,9,2,0
C100326,growth,monthly,us,12,23,77.71,27.4,8,3172,0,8,1,0
C100327,growth,annual,us,9,10,57.28,36.9,4,7987,3,10,1,0
C100328,growth,annual,us,10,25,67.15,31.6,12,40087,1,7,0,0
C100329,starter,annual,us,23,2,17.58,1.5,5,286,1,8,1,0
C100330,growth,monthly,eu,20,25,79.0,81.0,7,26437,3,7,4,0
C100331,starter,annual,us,8,17,22.92,21.1,4,2317,1,5,1,1
C100332,growth,monthly,eu,25,13,70.19,51.3,11,1215,1,9,1,0
C100333,enterprise,monthly,us,12,344,500.11,612.3,131,66805,0,7,5,0
C100334,starter,annual,eu,7,5,19.2,8.2,2,2514,1,4,1,0
C100335,growth,monthly,us,10,12,69.29,58.7,3,2449,1,10,1,0
C100336,starter,monthly,us,16,2,20.68,1.8,0,952,0,6,1,0
C100337,growth,monthly,eu,24,58,95.53,287.6,24,15708,0,8,3,0
C100338,starter,monthly,eu,23,5,22.59,6.4,2,3886,1,8,2,0
C100339,enterprise,annual,us,14,60,248.81,122.1,25,21361,0,8,5,0
C100340,starter,monthly,eu,18,3,21.42,7.2,1,2815,0,5,4,0
C100341,enterprise,monthly,us,13,99,335.04,132.9,37,10089,4,10,4,0
C100342,growth,monthly,us,8,17,73.46,18.5,6,3156,2,6,3,1
C100343,growth,monthly,eu,14,21,76.36,30.0,7,4664,2,2,0,1
C100344,growth,annual,us,3,43,75.52,38.5,18,4410,0,9,1,0
C100345,growth,annual,us,39,10,57.28,75.0,3,909,1,9,1,0
C100346,enterprise,annual,us,17,110,293.57,142.1,34,34203,0,5,5,0
C100347,starter,annual,eu,21,3,18.21,14.4,2,1292,1,7,1,0
C100348,growth,monthly,eu,9,14,71.05,53.8,2,3464,1,10,1,0
C100349,starter,annual,eu,17,6,19.62,15.2,2,3553,2,10,4,0
C100350,growth,monthly,apac,19,8,65.28,14.0,1,671,0,9,1,0
C100351,starter,monthly,apac,13,1,19.72,3.2,2,190,2,9,4,0
C100352,growth,annual,us,13,20,64.31,55.2,5,1539,1,9,1,0
C100353,growth,monthly,eu,5,16,72.68,32.0,5,4047,0,7,0,0
C100354,starter,annual,us,47,2,17.58,1.5,2,760,1,5,1,0
C100355,growth,annual,us,8,7,54.5,3.8,2,5320,2,7,0,0
C100356,growth,annual,us,9,47,77.12,246.2,11,3601,1,10,3,0
C100357,growth,monthly,eu,41,22,77.04,6.4,4,6837,1,10,2,0
C100358,starter,monthly,apac,21,4,22.04,9.4,2,3387,1,8,2,0
C100359,growth,annual,eu,24,53,79.4,81.8,13,4754,1,7,2,0
C100360,enterprise,monthly,eu,4,133,365.43,269.0,53,9634,3,10,5,1
C100361,starter,monthly,apac,17,9,24.36,7.7,8,538,0,8,4,0
C100362,starter,annual,us,5,2,17.58,5.9,1,860,4,9,1,1
C100363,starter,annual,eu,7,2,17.58,5.3,1,255,0,5,2,1
C100364,growth,annual,us,52,24,66.61,305.3,9,8196,2,7,1,0
C100365,starter,monthly,apac,6,4,22.04,9.0,2,766,2,10,1,1
C100366,growth,monthly,eu,24,33,83.71,155.2,5,36968,1,5,2,0
C100367,growth,monthly,us,7,7,64.12,4.8,3,3231,0,7,0,0
C100368,starter,monthly,eu,8,5,22.59,20.4,4,558,2,8,3,1
C100369,enterprise,monthly,eu,72,131,363.75,277.4,43,21997,2,10,3,0
C100370,growth,monthly,eu,14,28,80.84,62.1,16,12619,2,9,3,0
C100371,starter,monthly,us,4,3,21.42,7.8,2,271,1,10,2,0
C100372,starter,monthly,eu,24,5,22.59,33.0,1,3332,3,9,1,1
C100373,starter,monthly,eu,34,2,20.68,5.5,1,391,1,9,0,0
C100374,starter,monthly,us,26,3,21.42,3.7,3,1470,1,5,1,0
C100375,starter,monthly,us,13,2,20.68,3.0,1,411,1,5,1,0
C100376,enterprise,annual,us,13,54,242.33,174.0,32,7445,1,10,5,0
C100377,starter,monthly,us,10,3,21.42,8.8,6,382,0,6,2,0
C100378,starter,annual,eu,6,3,18.21,2.2,2,3376,2,6,0,1
C100379,growth,monthly,eu,19,12,69.29,32.4,6,2063,2,3,0,1
C100380,growth,monthly,us,13,9,66.36,8.1,3,32479,1,10,0,0
C100381,enterprise,monthly,us,5,213,424.21,522.4,65,53779,2,5,6,1
C100382,growth,monthly,eu,14,14,71.05,14.9,6,1455,1,6,2,0
C100383,starter,monthly,eu,8,4,22.04,6.7,3,223,3,10,2,1
C100384,starter,annual,eu,18,1,16.76,1.9,0,819,2,3,0,1
C100385,enterprise,annual,eu,17,157,326.89,821.2,48,29055,1,10,6,0
C100386,growth,monthly,apac,11,19,74.95,46.6,7,8869,1,6,0,0
C100387,enterprise,monthly,us,15,64,297.6,280.9,23,114245,1,7,2,0
C100388,starter,annual,eu,16,3,18.21,48.6,0,1296,0,6,2,0
C100389,enterprise,monthly,us,28,123,356.94,229.8,48,36726,0,5,2,0
C100390,growth,monthly,us,14,4,60.04,23.5,5,2804,2,6,1,1
C100391,starter,annual,eu,10,2,17.58,2.8,5,1010,2,6,0,1
C100392,growth,monthly,eu,12,16,72.68,71.7,2,1146,0,5,3,1
C100393,growth,annual,us,45,16,61.78,16.9,7,11846,1,10,2,0
C100394,starter,monthly,eu,7,13,25.76,24.1,7,2792,2,5,1,1
C100395,starter,monthly,us,13,3,21.42,9.3,2,2843,0,3,0,1
C100396,growth,monthly,us,13,29,81.43,86.5,10,10148,0,3,2,1
C100397,starter,annual,us,13,9,20.71,7.1,10,5932,2,8,0,0
C100398,starter,monthly,apac,5,5,22.59,5.5,2,940,1,4,3,1
C100399,starter,annual,us,12,2,17.58,7.1,1,125,1,7,1,0
C100400,starter,annual,us,10,2,17.58,3.6,1,814,1,10,1,0
C100401,enterprise,annual,eu,18,116,298.17,78.9,43,61595,2,8,4,0
C100402,growth,monthly,us,31,40,87.37,69.5,8,5361,1,8,1,0
C100403,starter,monthly,us,19,5,22.59,9.2,3,958,3,6,1,0
C100404,enterprise,monthly,apac,16,148,377.58,302.7,52,4445,2,7,2,0
C100405,enterprise,monthly,us,21,292,472.09,762.7,98,55904,1,7,5,0
C100406,starter,annual,eu,17,6,19.62,16.3,0,445,0,8,2,0
C100407,growth,monthly,us,15,10,67.39,11.1,6,3584,5,10,2,1
C100408,starter,annual,apac,27,4,18.73,6.2,3,1257,0,7,4,0
C100409,enterprise,monthly,us,12,158,385.34,546.4,49,35289,1,6,5,0
C100410,growth,monthly,us,5,15,71.88,19.1,5,11016,1,7,0,1
C100411,growth,monthly,us,9,38,86.36,52.6,13,10447,2,9,1,0
C100412,starter,annual,us,8,3,18.21,2.2,2,845,3,7,2,0
C100413,enterprise,monthly,eu,53,94,330.15,166.8,42,27689,0,8,8,0
C100414,starter,monthly,eu,32,3,21.42,8.1,2,420,2,8,4,0
C100415,starter,annual,us,16,4,18.73,2.1,2,2270,1,10,1,0
C100416,starter,monthly,apac,9,4,22.04,3.9,3,408,2,9,3,1
C100417,growth,monthly,apac,27,8,65.28,5.7,6,2648,1,6,1,0
C100418,starter,monthly,eu,16,3,21.42,11.1,2,2126,0,3,2,1
C100419,enterprise,monthly,eu,12,43,269.9,20.6,20,3775,0,8,2,0
C100420,growth,monthly,eu,16,14,71.05,24.8,2,935,1,6,3,0
C100421,starter,monthly,us,12,2,20.68,7.6,2,191,1,6,1,1
C100422,starter,monthly,us,20,6,23.08,13.5,6,7030,0,5,1,1
C100423,starter,monthly,apac,5,6,23.08,8.7,3,792,0,6,0,1
C100424,growth,monthly,eu,20,23,77.71,54.0,7,1735,1,6,1,0
C100425,growth,monthly,us,12,9,66.36,35.5,0,2823,3,7,2,0
C100426,starter,monthly,us,28,3,21.42,5.9,3,61,0,6,3,0
C100427,growth,monthly,eu,33,9,66.36,3.6,6,860,2,6,1,1
C100428,starter,monthly,apac,37,3,21.42,14.3,1,2535,0,9,3,0
C100429,growth,monthly,us,56,24,78.36,58.5,11,2256,1,7,4,0
C100430,enterprise,monthly,eu,37,131,363.75,231.4,55,22830,2,7,3,0
C100431,growth,annual,eu,27,22,65.49,10.2,9,6372,3,7,3,0
C100432,growth,annual,apac,6,33,71.15,49.0,11,9530,0,6,4,0
C100433,growth,monthly,us,1,20,75.66,20.0,4,2756,2,10,1,1
C100434,starter,monthly,us,30,3,21.42,2.7,0,1161,1,10,4,0
C100435,starter,monthly,us,7,6,23.08,10.7,2,5035,2,10,3,0
C100436,starter,annual,eu,72,6,19.62,8.1,4,527,0,4,0,1
C100437,growth,monthly,us,4,13,70.19,17.6,5,1882,1,6,1,0
C100438,growth,monthly,apac,26,21,76.36,65.1,7,4248,2,9,3,0
C100439,growth,monthly,eu,17,15,71.88,33.5,5,6289,1,6,2,0
C100440,enterprise,monthly,us,4,29,247.4,37.6,17,6625,3,6,7,1
C100441,starter,monthly,eu,17,4,22.04,5.3,5,829,1,5,1,0
C100442,growth,annual,eu,8,9,56.41,12.5,1,503,0,7,0,0
C100443,starter,annual,eu,14,4,18.73,6.9,3,335,1,6,0,1
C100444,starter,monthly,apac,14,1,19.72,4.2,1,321,0,2,0,1
C100445,growth,monthly,eu,8,12,69.29,10.9,8,1694,0,10,1,1
C100446,enterprise,monthly,eu,11,64,297.6,322.5,31,10386,1,8,3,0
C100447,growth,monthly,us,8,32,83.15,88.2,11,6706,2,5,3,1
C100448,starter,monthly,eu,3,3,21.42,0.9,4,5842,1,9,1,0
C100449,growth,monthly,us,16,10,67.39,20.2,4,1438,1,8,0,0
C100450,starter,annual,apac,36,4,18.73,17.0,2,3240,1,10,2,0
C100451,enterprise,annual,eu,8,71,259.91,169.1,31,51121,2,9,4,0
C100452,growth,annual,eu,49,26,67.68,35.8,12,11894,1,6,0,0
C100453,starter,annual,apac,56,2,17.58,4.4,2,229,1,9,3,0
C100454,starter,monthly,eu,11,4,22.04,9.3,3,1052,0,9,2,0
C100455,starter,monthly,eu,13,13,25.76,41.8,6,2048,0,10,2,0
C100456,enterprise,monthly,apac,11,70,304.64,47.2,32,94688,0,9,2,0
C100457,starter,monthly,apac,6,4,22.04,5.4,8,1346,0,10,2,0
C100458,growth,monthly,us,13,7,64.12,42.8,2,1312,2,9,0,0
C100459,growth,annual,us,12,11,58.11,21.3,3,12313,0,6,1,0
C100460,growth,monthly,apac,16,22,77.04,118.3,8,3561,1,8,0,0
C100461,starter,monthly,us,17,3,21.42,51.7,0,1166,1,5,3,1
C100462,enterprise,monthly,us,5,108,343.53,138.5,46,44803,2,10,4,0
C100463,starter,annual,us,23,4,18.73,3.5,2,1271,0,6,1,0
C100464,growth,monthly,us,12,9,66.36,14.3,1,1845,1,10,3,0
C100465,growth,monthly,us,6,29,81.43,114.8,14,13664,2,7,0,1
C100466,growth,monthly,eu,12,9,66.36,40.9,2,1152,0,7,0,0
C100467,enterprise,annual,us,17,54,242.33,481.7,16,32505,1,6,1,0
C100468,starter,annual,us,41,4,18.73,8.0,3,722,0,6,0,0
C100469,growth,monthly,eu,37,39,86.87,100.2,15,28768,0,6,0,0
C100470,starter,annual,eu,10,2,17.58,2.8,2,1256,0,8,1,0
C100471,starter,monthly,us,13,4,22.04,1.4,2,1525,0,7,4,1
C100472,starter,annual,eu,7,4,18.73,8.0,3,857,0,7,2,1
C100473,starter,monthly,eu,19,5,22.59,4.5,3,3102,0,8,1,0
C100474,starter,monthly,eu,10,7,23.54,21.3,6,2658,3,6,2,1
C100475,starter,annual,eu,13,3,18.21,1.7,1,39,1,7,1,0
C100476,starter,monthly,us,30,6,23.08,7.0,5,656,0,10,3,0
C100477,growth,monthly,eu,5,35,84.79,77.2,8,9021,0,6,1,0
C100478,growth,annual,eu,37,43,75.52,101.7,16,12233,1,7,2,0
C100479,starter,annual,us,20,5,19.2,9.7,3,2173,2,5,3,1
C100480,starter,monthly,eu,36,4,22.04,30.3,3,3749,1,7,2,0
C100481,starter,annual,eu,25,3,18.21,19.2,3,1204,0,8,1,0
C100482,growth,annual,us,29,8,55.48,9.5,4,277,0,6,1,0
C100483,starter,monthly,us,15,3,21.42,19.7,2,848,0,5,3,1
C100484,starter,annual,us,6,4,18.73,28.2,3,2778,0,8,0,0
C100485,starter,monthly,us,9,3,21.42,5.9,5,785,0,8,1,0
C100486,starter,annual,apac,8,5,19.2,10.3,3,1381,0,9,1,0
C100487,starter,monthly,eu,2,1,19.72,2.7,1,173,3,5,1,1
C100488,growth,monthly,us,30,16,72.68,19.0,4,8389,0,10,1,0
C100489,growth,monthly,us,14,48,91.19,59.7,13,7721,2,6,2,0
C100490,growth,monthly,eu,7,29,81.43,134.0,13,10963,3,5,3,1
C100491,growth,annual,apac,54,24,66.61,60.0,14,7838,0,10,2,0
C100492,growth,annual,eu,70,21,64.91,26.3,11,4904,1,10,3,0
C100493,starter,monthly,apac,5,3,21.42,3.3,4,1098,1,7,0,1
C100494,growth,monthly,us,13,7,64.12,8.0,6,1906,1,6,3,0
C100495,growth,monthly,us,12,22,77.04,36.2,8,15437,2,8,0,1
C100496,starter,monthly,eu,7,1,19.72,5.3,0,496,4,5,1,1
C100497,growth,monthly,apac,30,15,71.88,15.3,10,8540,3,10,1,1
C100498,starter,annual,us,2,3,18.21,12.0,1,357,2,5,0,1
C100499,growth,annual,eu,45,14,60.39,30.1,5,1487,1,8,2,0
C100500,growth,monthly,eu,16,53,93.41,106.5,19,12390,0,7,3,0
C100501,enterprise,monthly,us,51,199,414.85,736.5,71,86042,0,5,3,0
C100502,enterprise,monthly,eu,15,134,366.26,437.1,40,47643,2,5,2,1
C100503,growth,monthly,us,12,11,68.36,7.8,6,1256,2,10,1,0
C100504,growth,monthly,us,31,47,90.73,40.1,19,20975,1,8,1,0
C100505,growth,monthly,eu,51,24,78.36,37.6,12,3029,3,6,3,0
C100506,starter,monthly,us,46,2,20.68,5.9,0,899,0,6,2,0
C100507,growth,monthly,eu,3,18,74.21,86.8,9,5190,1,6,2,0
C100508,starter,annual,apac,38,6,19.62,12.3,0,1119,3,9,2,0
C100509,starter,monthly,apac,11,2,20.68,15.2,1,302,0,9,0,0
C100510,starter,monthly,eu,14,4,22.04,5.0,3,1048,1,9,0,1
C100511,growth,monthly,us,11,21,76.36,26.6,10,5032,0,8,1,0
C100512,starter,annual,us,9,2,17.58,3.7,3,191,1,9,2,0
C100513,starter,monthly,apac,13,3,21.42,3.6,2,1221,1,4,1,0
C100514,starter,monthly,eu,7,2,20.68,10.4,4,1388,0,8,1,0
C100515,starter,monthly,us,38,6,23.08,1.7,5,2972,2,10,0,1
C100516,starter,monthly,apac,25,2,20.68,3.2,1,651,2,8,4,0
C100517,growth,monthly,eu,18,20,75.66,82.7,8,2968,2,8,1,0
C100518,starter,annual,us,11,1,16.76,2.3,0,303,2,6,0,0
C100519,growth,monthly,eu,10,10,67.39,40.3,3,1999,2,6,0,0
C100520,enterprise,monthly,us,21,44,271.36,373.5,20,10882,3,6,6,0
C100521,starter,monthly,eu,18,3,21.42,6.8,4,1649,0,8,0,0
C100522,starter,annual,apac,33,4,18.73,18.6,1,844,0,6,1,0
C100523,growth,annual,eu,10,21,64.91,211.0,9,894,1,4,4,1
C100524,starter,annual,eu,9,1,16.76,3.7,1,554,1,9,2,0
C100525,starter,monthly,us,24,3,21.42,6.2,1,1015,1,8,3,0
C100526,enterprise,annual,us,28,54,242.33,184.7,24,13653,3,8,3,0
C100527,enterprise,annual,us,66,104,288.83,431.2,38,7969,4,5,2,0
C100528,growth,monthly,us,3,15,71.88,27.2,3,1584,1,6,1,0
C100529,starter,monthly,eu,39,3,21.42,4.6,4,373,0,8,1,0
C100530,growth,annual,us,17,12,58.9,75.2,4,1591,2,7,2,0
C100531,growth,monthly,eu,10,42,88.36,63.4,19,5976,2,6,0,1
C100532,starter,annual,eu,21,2,17.58,10.6,2,169,0,10,3,0
C100533,growth,monthly,apac,21,14,71.05,31.5,7,21705,1,6,2,0
C100534,starter,monthly,us,11,4,22.04,29.5,2,3594,0,1,1,1
C100535,starter,monthly,eu,3,3,21.42,3.5,1,911,1,8,1,1
C100536,growth,annual,eu,40,12,58.9,12.5,4,2610,1,8,1,0
C100537,starter,annual,apac,8,1,16.76,5.1,0,1397,1,8,3,0
C100538,starter,monthly,eu,7,2,20.68,2.1,0,2113,1,8,1,0
C100539,growth,monthly,eu,9,11,68.36,22.6,3,1269,3,6,1,1
C100540,enterprise,monthly,eu,27,185,405.15,987.4,61,50926,1,10,3,0
C100541,growth,monthly,eu,12,55,94.27,28.7,16,10311,1,5,1,1
C100542,growth,annual,eu,9,17,62.44,41.9,3,2974,2,7,1,0
C100543,enterprise,monthly,apac,20,39,263.9,166.3,10,7436,1,6,6,0
C100544,starter,monthly,eu,18,5,22.59,9.8,4,1065,1,10,3,0
C100545,starter,monthly,us,9,2,20.68,2.4,0,592,0,6,1,1
C100546,starter,annual,us,3,3,18.21,5.3,2,863,0,8,2,0
C100547,starter,monthly,us,27,2,20.68,2.6,1,1788,0,8,3,0
C100548,growth,annual,us,18,14,60.39,27.5,4,1514,2,8,3,0
C100549,starter,monthly,us,2,3,21.42,5.3,2,1695,1,6,2,0
C100550,starter,monthly,us,43,2,20.68,3.2,2,186,0,8,3,0
C100551,starter,annual,us,2,2,17.58,6.4,1,606,2,7,2,1
C100552,starter,monthly,us,8,6,23.08,35.6,4,3504,0,8,5,0
C100553,enterprise,annual,us,8,78,266.53,177.9,27,28721,2,10,2,0
C100554,starter,monthly,us,10,4,22.04,21.0,0,700,1,8,1,0
C100555,starter,annual,eu,9,1,16.76,8.5,1,349,1,5,4,0
C100556,starter,annual,us,5,6,19.62,7.8,6,6061,2,10,3,1
C100557,starter,annual,us,17,2,17.58,5.6,3,288,1,9,2,0
C100558,growth,monthly,eu,30,31,82.59,42.2,12,11439,1,9,0,0
C100559,starter,annual,apac,17,4,18.73,2.9,6,2217,2,7,2,1
C100560,starter,annual,eu,19,3,18.21,8.2,6,501,0,9,2,0
C100561,starter,monthly,eu,12,1,19.72,1.3,2,1287,0,3,4,1
C100562,growth,monthly,apac,16,53,93.41,135.3,19,75667,1,10,0,1
C100563,growth,annual,eu,20,26,67.68,16.1,11,15445,3,9,3,1
C100564,growth,monthly,eu,25,27,80.24,55.9,13,16065,2,7,0,0
C100565,growth,annual,eu,9,44,75.92,26.7,17,2053,3,9,1,0
C100566,growth,annual,apac,8,20,64.31,59.3,7,1355,1,9,3,0
C100567,starter,monthly,us,1,7,23.54,10.3,1,1474,1,5,2,1
C100568,starter,monthly,us,52,3,21.42,4.5,3,393,1,8,3,0
C100569,growth,monthly,us,50,26,79.63,105.2,14,10135,1,8,1,0
C100570,starter,monthly,us,14,2,20.68,3.7,0,38,1,7,5,0
C100571,growth,annual,apac,15,13,59.66,26.4,5,5082,1,7,0,1
C100572,starter,monthly,us,41,4,22.04,7.1,3,794,0,9,0,0
C100573,growth,monthly,eu,5,9,66.36,24.5,3,1247,1,8,3,0
C100574,enterprise,annual,apac,7,94,280.63,353.2,37,115298,3,10,3,0
C100575,growth,monthly,us,43,15,71.88,50.3,8,2539,2,6,2,0
C100576,enterprise,annual,eu,12,29,210.29,38.4,10,1501,1,8,3,0
C100577,growth,monthly,eu,6,14,71.05,61.1,5,4722,1,5,3,0
C100578,enterprise,monthly,us,21,67,301.16,64.0,31,20862,1,9,2,0
C100579,starter,monthly,eu,9,6,23.08,7.0,3,1171,0,5,0,1
C100580,starter,annual,us,38,4,18.73,7.5,2,7718,0,8,1,0
C100581,growth,annual,eu,16,37,72.97,140.7,11,9895,2,10,4,0
C100582,starter,annual,us,9,5,19.2,4.4,4,2866,2,8,0,0
C100583,starter,annual,eu,9,3,18.21,11.9,1,950,0,5,1,0
C100584,enterprise,annual,us,20,77,265.61,134.4,27,53311,3,9,4,0
C100585,growth,annual,eu,13,15,61.1,20.7,7,2487,1,8,8,0
C100586,starter,monthly,eu,12,5,22.59,21.6,3,442,0,7,2,0
C100587,starter,annual,eu,26,4,18.73,4.7,5,1853,3,5,1,1
C100588,starter,annual,us,42,2,17.58,22.8,2,641,3,4,1,1
C100589,starter,annual,us,23,4,18.73,7.2,5,1902,0,10,4,0
C100590,enterprise,monthly,us,8,100,336.0,201.0,32,12658,2,6,4,0
C100591,starter,monthly,eu,6,2,20.68,13.5,0,755,1,5,0,1
C100592,starter,annual,apac,25,4,18.73,9.3,2,221,1,8,2,0
C100593,growth,monthly,us,23,8,65.28,35.4,2,1175,2,5,2,0
C100594,starter,monthly,eu,11,6,23.08,3.0,7,727,0,8,2,0
C100595,starter,annual,us,13,5,19.2,7.3,2,1797,2,10,0,0
C100596,growth,monthly,us,9,40,87.37,96.4,15,5724,1,5,0,1
C100597,growth,monthly,us,6,10,67.39,40.5,3,654,4,7,1,1
C100598,enterprise,monthly,eu,9,140,371.18,433.6,53,18499,0,8,4,0
C100599,growth,monthly,eu,1,28,80.84,82.5,13,10642,2,5,0,1
C100600,starter,annual,us,34,3,18.21,13.5,0,799,1,5,1,0
C100601,growth,annual,eu,4,14,60.39,36.5,8,1601,1,7,3,0
C100602,enterprise,annual,eu,15,46,233.09,18.7,9,21644,1,10,1,0
C100603,growth,annual,apac,2,9,56.41,47.2,1,8305,1,6,1,0
C100604,enterprise,annual,us,23,54,242.33,54.6,23,27031,2,7,2,0
C100605,growth,monthly,eu,28,9,66.36,21.4,2,254,0,10,4,0
C100606,enterprise,annual,eu,16,177,339.52,362.8,63,48267,1,9,7,0
C100607,starter,monthly,us,14,1,19.72,2.9,2,238,0,4,4,1
C100608,growth,monthly,eu,9,19,74.95,16.2,6,677,2,7,1,0
C100609,starter,annual,eu,33,4,18.73,2.1,7,291,1,9,0,0
C100610,growth,annual,eu,4,21,64.91,19.2,9,9586,3,10,1,1
C100611,growth,monthly,us,10,22,77.04,72.4,11,5779,1,10,2,0
C100612,enterprise,annual,us,8,128,307.04,84.1,54,30333,2,9,2,0
C100613,enterprise,monthly,eu,7,64,297.6,62.7,27,7871,0,9,3,0
C100614,starter,monthly,eu,32,4,22.04,11.0,0,2463,1,5,2,0
C100615,growth,monthly,us,13,15,71.88,13.6,2,1108,4,6,4,1
C100616,growth,monthly,us,9,34,84.25,42.5,12,3386,2,5,3,1
C100617,starter,monthly,us,19,11,25.09,22.0,0,1856,0,10,4,1
C100618,starter,monthly,eu,18,2,20.68,5.6,2,124,1,8,2,0
C100619,starter,monthly,us,27,1,19.72,1.3,0,122,1,8,1,0
C100620,growth,monthly,apac,20,23,77.71,46.8,9,13285,1,10,2,0
C100621,starter,annual,us,14,6,19.62,15.6,4,641,0,9,0,0
C100622,enterprise,annual,eu,15,212,360.02,156.9,81,94285,0,10,3,0
C100623,starter,annual,us,20,5,19.2,11.6,2,2036,1,9,1,0
C100624,enterprise,monthly,eu,7,160,386.86,175.0,70,30292,0,9,2,0
C100625,starter,annual,eu,17,9,20.71,18.8,4,566,0,5,2,0
C100626,growth,annual,eu,41,37,72.97,112.1,13,8671,3,9,3,0
C100627,starter,monthly,apac,16,6,23.08,10.4,5,205,2,8,2,0
C100628,growth,monthly,eu,11,9,66.36,32.6,3,1261,2,7,1,1
C100629,growth,monthly,apac,11,17,73.46,55.0,12,4718,2,9,2,0
C100630,enterprise,monthly,us,19,92,328.16,314.5,29,44377,0,10,5,0
C100631,growth,monthly,us,17,17,73.46,41.9,5,3306,1,7,1,0
C100632,starter,monthly,eu,23,3,21.42,13.8,0,411,0,6,1,0
C100633,starter,monthly,us,9,8,23.96,20.2,5,974,1,6,2,0
C100634,starter,annual,eu,13,2,17.58,1.4,1,321,0,4,2,0
C100635,starter,monthly,us,26,5,22.59,5.7,2,2017,2,7,1,0
C100636,growth,monthly,eu,28,21,76.36,33.5,5,6400,2,9,0,0
C100637,growth,annual,eu,28,11,58.11,19.6,4,2422,0,10,2,0
C100638,growth,monthly,us,24,10,67.39,24.4,4,3967,2,6,1,1
C100639,enterprise,monthly,eu,25,34,255.95,35.4,20,7534,4,8,6,0
C100640,growth,monthly,eu,17,22,77.04,165.6,3,1471,0,7,1,1
C100641,growth,monthly,apac,4,17,73.46,29.4,5,1395,0,7,2,0
C100642,starter,monthly,eu,5,2,20.68,4.6,1,842,0,4,4,0
C100643,starter,monthly,eu,15,1,19.72,1.8,0,78,3,5,0,1
C100644,growth,monthly,eu,16,22,77.04,20.1,2,3471,1,10,5,0
C100645,enterprise,annual,eu,7,73,261.84,121.2,16,14537,2,10,4,0
C100646,starter,annual,us,8,2,17.58,4.7,2,193,2,8,1,0
C100647,growth,monthly,eu,14,11,68.36,19.6,4,551,0,8,0,0
C100648,growth,monthly,us,57,15,71.88,89.2,6,1164,2,9,1,0
C100649,starter,monthly,us,6,5,22.59,9.2,2,226,0,6,2,0
C100650,starter,annual,eu,11,3,18.21,6.0,4,1231,2,7,2,0
C100651,enterprise,annual,apac,27,44,230.65,141.9,17,13915,1,6,7,0
C100652,growth,monthly,apac,24,17,73.46,28.0,10,1913,0,8,4,0
C100653,starter,monthly,eu,18,6,23.08,17.2,5,400,0,5,1,0
C100654,enterprise,monthly,eu,3,81,316.8,60.0,30,51049,2,6,7,1
C100655,starter,annual,eu,12,4,18.73,3.4,2,1382,2,8,0,1
C100656,enterprise,annual,eu,47,67,255.98,132.4,22,8457,1,7,4,0
C100657,starter,monthly,us,8,2,20.68,3.9,0,1426,0,4,3,1
C100658,growth,monthly,us,7,11,68.36,11.8,2,2796,0,7,1,0
C100659,starter,monthly,eu,40,1,19.72,3.0,4,359,1,9,1,0
C100660,starter,annual,eu,14,7,20.01,15.7,7,622,0,8,3,0
C100661,enterprise,annual,eu,3,100,285.6,110.1,31,5633,2,4,5,1
C100662,starter,monthly,apac,6,4,22.04,5.7,2,226,2,10,1,1
C100663,starter,monthly,apac,9,4,22.04,9.5,1,6063,0,7,1,0
C100664,starter,monthly,eu,18,4,22.04,4.0,6,442,1,8,2,0
C100665,growth,monthly,us,13,12,69.29,14.8,5,2853,2,10,0,0
C100666,growth,annual,us,7,15,61.1,40.7,7,5066,3,7,6,0
C100667,enterprise,monthly,us,13,63,296.4,112.5,21,13652,2,3,3,0
C100668,starter,annual,us,8,14,22.17,18.8,8,2724,1,10,1,0
C100669,starter,monthly,apac,49,6,23.08,6.3,4,1169,2,3,0,1
C100670,starter,monthly,eu,5,4,22.04,4.0,3,1432,1,7,2,1
C100671,growth,monthly,eu,10,35,84.79,58.4,11,3040,0,10,1,0
C100672,enterprise,monthly,apac,9,148,377.58,1104.1,55,21936,2,6,6,0
C100673,growth,monthly,eu,9,9,66.36,25.6,2,255,0,6,3,0
C100674,growth,annual,eu,6,16,61.78,11.7,12,668,1,7,2,0
C100675,starter,monthly,us,38,3,21.42,10.5,2,221,0,7,0,0
C100676,enterprise,monthly,us,60,108,343.53,114.9,31,51340,1,6,6,0
C100677,starter,monthly,us,19,3,21.42,6.4,1,555,0,6,2,0
C100678,starter,monthly,us,18,3,21.42,4.2,0,1330,2,10,0,1
C100679,starter,annual,us,3,3,18.21,26.4,1,1004,0,6,0,0
C100680,starter,annual,eu,37,6,19.62,5.3,4,1731,0,8,0,0
C100681,starter,monthly,us,8,1,19.72,3.5,0,115,1,5,1,0
C100682,starter,annual,us,3,3,18.21,4.0,4,760,0,10,2,0
C100683,starter,annual,apac,22,1,16.76,4.7,1,339,3,9,1,0
C100684,growth,annual,eu,31,10,57.28,23.3,4,16306,2,7,1,0
C100685,starter,monthly,eu,37,4,22.04,19.7,3,681,0,9,3,0
C100686,starter,monthly,us,10,4,22.04,13.6,5,1798,0,10,2,0
C100687,enterprise,monthly,eu,9,68,302.33,75.9,26,13426,2,5,9,0
C100688,growth,annual,eu,17,31,70.2,437.4,11,3652,0,5,1,0
C100689,growth,annual,us,13,35,72.07,94.4,15,16950,2,8,2,0
C100690,starter,monthly,us,22,3,21.42,4.4,2,3896,2,5,2,1
C100691,enterprise,monthly,eu,17,90,326.15,188.2,22,25129,3,4,2,1
C100692,starter,annual,eu,7,3,18.21,10.0,3,384,2,4,2,1
C100693,starter,annual,eu,38,5,19.2,15.1,5,1752,0,8,0,0
C100694,enterprise,monthly,us,22,44,271.36,113.5,18,12512,0,3,3,0
C100695,growth,annual,us,30,44,75.92,157.8,12,71526,1,7,2,0
C100696,growth,monthly,eu,7,31,82.59,104.3,10,13398,1,0,2,1
C100697,growth,monthly,eu,22,9,66.36,9.5,4,876,1,8,1,0
C100698,growth,monthly,eu,26,12,69.29,98.8,7,8472,1,8,3,0
C100699,starter,annual,eu,17,4,18.73,32.5,3,1869,0,7,1,0
C100700,starter,annual,eu,6,3,18.21,11.2,4,1648,1,10,2,0
C100701,starter,monthly,us,16,5,22.59,10.3,5,1716,1,9,1,0
C100702,starter,monthly,eu,25,3,21.42,6.7,1,1759,0,6,1,0
C100703,enterprise,monthly,eu,32,171,395.07,246.2,66,56004,1,6,6,0
C100704,starter,monthly,us,4,4,22.04,7.2,1,740,0,9,1,1
C100705,growth,monthly,eu,17,60,96.35,23.6,21,14951,2,9,2,1
C100706,growth,monthly,eu,5,24,78.36,129.0,8,4802,3,7,2,1
C100707,growth,monthly,eu,25,9,66.36,39.2,2,2760,2,4,1,0
C100708,starter,monthly,eu,30,11,25.09,6.4,7,2653,1,9,1,0
C100709,starter,monthly,eu,7,6,23.08,22.0,5,1032,2,8,4,0
C100710,enterprise,annual,us,5,96,282.3,172.9,31,17978,2,7,6,0
C100711,growth,monthly,eu,9,24,78.36,38.5,10,5313,1,1,0,1
C100712,growth,monthly,us,13,9,66.36,24.3,2,409,3,9,2,0
C100713,enterprise,annual,us,8,32,214.72,17.3,13,17826,1,7,3,0
C100714,growth,monthly,eu,26,17,73.46,31.4,12,5184,3,6,3,0
C100715,starter,monthly,eu,32,7,23.54,14.4,2,917,0,6,2,0
C100716,growth,monthly,eu,16,21,76.36,41.0,10,7950,2,8,1,0
C100717,starter,monthly,eu,8,9,24.36,6.6,6,1285,1,8,0,0
C100718,growth,monthly,us,13,34,84.25,85.0,11,4766,1,7,1,0
C100719,enterprise,monthly,eu,16,80,315.73,304.5,32,24727,0,9,2,0
C100720,growth,monthly,us,12,32,83.15,77.9,22,25694,4,5,0,1
C100721,starter,monthly,us,14,8,23.96,13.1,4,2328,2,6,2,1
C100722,starter,monthly,us,30,3,21.42,42.0,4,353,1,9,1,0
C100723,enterprise,monthly,us,8,71,305.78,67.4,24,11417,3,7,8,0
C100724,starter,monthly,us,52,4,22.04,14.1,3,1997,0,10,5,0
C100725,starter,monthly,apac,16,1,19.72,3.3,1,388,0,8,0,1
C100726,starter,annual,apac,12,4,18.73,33.5,1,2205,0,5,1,1
C100727,starter,monthly,eu,8,5,22.59,13.1,4,1639,1,4,2,1
C100728,starter,monthly,eu,8,4,22.04,12.5,4,1861,3,9,2,1
C100729,growth,monthly,eu,15,21,76.36,55.3,8,28584,4,6,3,1
C100730,starter,monthly,eu,16,3,21.42,3.1,2,210,2,9,1,1
C100731,starter,annual,us,11,1,16.76,1.5,0,2356,0,6,1,0
C100732,starter,monthly,eu,5,9,24.36,14.2,5,4716,3,8,1,1
C100733,starter,monthly,us,15,3,21.42,12.5,1,7538,1,7,1,1
C100734,starter,annual,us,8,2,17.58,5.4,1,202,1,8,1,0
C100735,growth,annual,eu,3,35,72.07,55.4,12,10934,1,9,2,0
C100736,starter,annual,us,23,6,19.62,30.8,5,1581,2,7,1,1
C100737,starter,monthly,eu,3,4,22.04,2.0,2,2060,0,9,1,1
C100738,starter,monthly,us,11,5,22.59,4.0,4,1755,0,4,1,1
C100739,starter,annual,us,14,2,17.58,0.8,1,676,1,8,1,0
C100740,starter,monthly,eu,35,3,21.42,14.9,1,1431,1,7,2,0
C100741,starter,monthly,us,3,7,23.54,12.7,4,1444,1,7,3,0
C100742,enterprise,annual,eu,25,57,245.61,203.8,24,7914,3,2,5,0
C100743,starter,monthly,us,27,2,20.68,4.3,1,737,0,4,2,0
C100744,growth,monthly,us,42,18,74.21,68.4,0,2516,2,8,0,0
C100745,starter,monthly,eu,31,4,22.04,7.5,1,831,0,8,1,0
C100746,starter,monthly,us,14,5,22.59,13.3,2,314,2,8,3,0
C100747,starter,monthly,apac,25,2,20.68,5.5,2,515,0,7,3,0
C100748,growth,annual,us,36,5,52.3,12.7,2,499,1,5,2,0
C100749,growth,monthly,us,2,28,80.84,167.2,12,6028,1,5,3,1
C100750,starter,monthly,us,5,2,20.68,1.5,0,184,0,3,4,0
C100751,starter,monthly,eu,18,2,20.68,4.4,2,482,0,8,1,0
C100752,starter,monthly,us,27,1,19.72,3.2,1,607,1,10,1,0
C100753,starter,monthly,us,22,6,23.08,12.2,2,801,0,7,0,0
C100754,growth,annual,eu,19,21,64.91,29.4,8,2016,1,6,2,0
C100755,starter,monthly,eu,41,4,22.04,5.6,0,1879,2,7,4,0
C100756,starter,monthly,eu,11,4,22.04,23.9,2,2116,2,7,0,1
C100757,enterprise,annual,eu,8,28,208.76,48.9,3,9095,2,4,7,0
C100758,starter,monthly,eu,10,2,20.68,25.3,1,322,2,8,2,1
C100759,starter,annual,eu,18,3,18.21,9.3,4,403,2,7,0,0
C100760,growth,monthly,us,14,12,69.29,18.5,3,1996,2,7,2,1
C100761,starter,monthly,eu,28,3,21.42,9.4,2,673,0,10,1,0
C100762,starter,annual,eu,8,4,18.73,8.8,3,197,0,7,0,0
C100763,starter,monthly,us,19,6,23.08,30.2,3,566,3,10,2,0
C100764,enterprise,monthly,eu,25,38,262.36,30.6,15,25925,1,6,4,0
C100765,starter,monthly,eu,36,3,21.42,1.8,4,856,3,4,3,1
C100766,starter,annual,us,5,5,19.2,12.9,2,3470,4,6,3,1
C100767,starter,monthly,apac,10,2,20.68,8.3,1,1222,0,10,0,0
C100768,starter,monthly,us,13,3,21.42,7.8,0,536,2,6,0,1
C100769,growth,annual,eu,4,22,65.49,65.0,3,3742,2,4,0,1
C100770,starter,annual,eu,19,4,18.73,11.8,1,2220,2,8,1,1
C100771,growth,monthly,apac,18,25,79.0,16.3,11,10986,2,7,2,0
C100772,growth,monthly,us,17,18,74.21,40.7,6,9752,2,9,2,1
C100773,growth,monthly,us,12,15,71.88,70.4,8,3309,0,6,1,0
C100774,starter,monthly,us,33,2,20.68,5.2,2,557,0,5,1,1
C100775,enterprise,monthly,eu,10,90,326.15,65.2,45,15771,2,10,5,0
C100776,growth,monthly,eu,31,18,74.21,26.4,6,3822,2,6,2,0
C100777,starter,monthly,us,10,2,20.68,6.8,0,264,1,6,1,0
C100778,growth,monthly,apac,5,24,78.36,155.3,7,4983,2,8,2,1
C100779,enterprise,annual,eu,14,150,322.28,68.9,61,28617,1,2,6,0
C100780,starter,monthly,us,16,2,20.68,5.9,0,324,2,9,5,0
C100781,enterprise,annual,eu,20,55,243.43,52.1,18,24763,2,10,2,0
C100782,starter,annual,apac,1,2,17.58,6.6,1,138,0,9,4,0
C100783,growth,monthly,eu,11,7,64.12,20.5,4,2154,0,5,4,0
C100784,enterprise,annual,us,49,217,362.81,332.6,70,20849,1,6,1,0
C100785,starter,annual,eu,9,3,18.21,10.0,0,331,0,8,1,0
C100786,growth,monthly,us,27,11,68.36,46.2,3,1244,4,8,3,0
C100787,starter,annual,us,72,2,17.58,4.1,1,749,0,10,0,0
C100788,growth,monthly,eu,55,14,71.05,10.3,8,410,0,10,4,0
C100789,growth,annual,us,6,12,58.9,61.3,8,3131,3,7,1,1
C100790,starter,monthly,apac,26,8,23.96,27.5,4,1886,0,6,1,0
C100791,starter,monthly,apac,27,2,20.68,6.8,3,205,2,6,2,1
C100792,starter,monthly,eu,23,1,19.72,1.7,1,318,1,9,2,0
C100793,starter,annual,us,5,5,19.2,19.9,4,386,1,10,1,0
C100794,starter,monthly,us,17,3,21.42,26.7,1,683,2,8,1,0
C100795,starter,monthly,us,17,3,21.42,5.9,0,230,1,7,2,0
C100796,starter,monthly,us,4,5,22.59,10.7,4,7280,0,10,2,0
C100797,starter,monthly,us,12,4,22.04,3.9,6,2019,0,9,3,1
C100798,growth,annual,eu,18,17,62.44,19.1,7,4731,1,3,1,1
C100799,growth,annual,eu,14,8,55.48,7.3,4,766,2,7,0,0
C100800,growth,monthly,eu,24,7,64.12,14.9,3,1241,1,8,1,0
C100801,starter,monthly,eu,11,2,20.68,3.6,2,397,2,7,3,1
C100802,enterprise,monthly,eu,16,46,274.22,108.8,17,12644,2,10,5,0
C100803,growth,monthly,eu,29,20,75.66,19.8,11,6370,2,7,5,0
C100804,starter,annual,us,45,1,16.76,2.5,2,331,0,5,1,0
C100805,starter,annual,us,5,3,18.21,3.3,0,966,1,6,3,0
C100806,growth,monthly,eu,24,16,72.68,34.0,5,3064,0,9,1,0
C100807,starter,monthly,us,10,3,21.42,2.0,5,966,3,5,1,1
C100808,growth,monthly,apac,20,21,76.36,43.1,7,2630,1,6,2,0
C100809,enterprise,monthly,apac,5,67,301.16,100.0,26,5679,1,9,5,0
C100810,starter,monthly,us,34,2,20.68,5.2,1,2585,1,5,2,0
C100811,starter,annual,apac,8,7,20.01,4.3,4,2312,1,5,1,1
C100812,enterprise,monthly,us,29,68,302.33,195.1,20,76264,2,4,1,1
C100813,growth,annual,apac,5,36,72.52,53.4,16,6224,1,6,1,0
C100814,starter,monthly,apac,4,3,21.42,7.5,1,6216,0,6,1,0
C100815,enterprise,monthly,eu,12,79,314.65,38.7,26,18725,2,7,2,0
C100816,enterprise,monthly,apac,17,74,309.16,56.2,38,45804,0,5,6,0
C100817,growth,monthly,us,58,20,75.66,28.2,6,4584,1,7,2,0
C100818,growth,monthly,us,17,14,71.05,68.6,5,3631,0,9,2,0
C100819,starter,monthly,apac,6,4,22.04,11.9,1,838,1,8,3,0
C100820,starter,annual,eu,26,8,20.37,16.9,9,1162,0,10,0,0
C100821,growth,monthly,eu,38,30,82.02,28.8,9,16068,0,6,1,0
C100822,starter,annual,us,7,6,19.62,5.4,4,1359,1,6,3,0
C100823,growth,annual,us,28,9,56.41,20.9,2,4286,0,8,3,0
C100824,growth,monthly,apac,34,9,66.36,28.1,5,4579,1,6,0,0
C100825,starter,monthly,apac,26,4,22.04,9.5,3,3321,2,7,3,0
C100826,growth,monthly,us,9,26,79.63,158.2,8,8429,2,3,2,1
C100827,starter,monthly,apac,17,3,21.42,4.0,0,182,0,7,0,0
C100828,enterprise,annual,eu,20,56,244.53,115.4,21,9273,2,9,6,0
C100829,starter,annual,apac,33,8,20.37,4.7,6,1769,1,10,1,0
C100830,growth,monthly,eu,9,25,79.0,53.3,11,5612,2,10,3,0
C100831,growth,monthly,us,29,30,82.02,153.8,11,21784,3,8,1,0
C100832,starter,annual,eu,13,3,18.21,3.1,5,1974,0,8,0,0
C100833,growth,annual,us,11,13,59.66,44.0,3,2554,1,8,0,0
C100834,growth,monthly,eu,15,28,80.84,140.9,11,55326,1,6,4,0
C100835,growth,annual,eu,1,15,61.1,17.3,5,2447,0,5,2,0
C100836,growth,monthly,us,2,13,70.19,33.8,3,2287,0,8,1,0
C100837,enterprise,monthly,us,2,50,279.76,275.0,16,4134,0,7,4,1
C100838,starter,monthly,eu,21,3,21.42,7.5,5,175,1,9,1,0
C100839,growth,monthly,us,12,27,80.24,86.0,13,2071,2,2,3,0
C100840,starter,annual,eu,9,1,16.76,0.8,1,672,1,7,5,0
C100841,growth,monthly,eu,14,24,78.36,67.1,14,10389,2,10,0,0
C100842,growth,monthly,eu,29,12,69.29,32.5,3,1215,1,9,2,0
C100843,starter,monthly,us,14,3,21.42,2.5,2,777,0,5,3,1
C100844,starter,monthly,us,6,3,21.42,3.3,2,1467,0,5,3,1
C100845,enterprise,monthly,us,65,71,305.78,196.6,36,2514,6,7,5,0
C100846,starter,monthly,us,15,3,21.42,5.2,1,3499,1,9,2,0
C100847,growth,annual,us,35,14,60.39,57.1,7,8071,2,8,2,0
C100848,starter,monthly,us,26,3,21.42,8.0,3,1473,0,8,4,0
C100849,enterprise,annual,apac,11,154,324.93,289.4,50,100100,2,9,1,0
C100850,starter,monthly,eu,45,4,22.04,7.3,5,148,3,8,0,0
C100851,starter,annual,eu,9,3,18.21,7.9,4,583,0,9,2,0
C100852,enterprise,annual,eu,20,57,245.61,181.7,17,39073,1,9,5,0
C100853,enterprise,monthly,us,18,65,298.8,171.5,20,14260,0,6,7,0
C100854,starter,monthly,us,20,2,20.68,3.4,0,956,0,6,1,0
C100855,starter,annual,eu,40,5,19.2,23.8,2,4234,1,9,1,0
C100856,growth,monthly,apac,15,12,69.29,35.8,6,5067,3,6,2,0
C100857,enterprise,annual,apac,18,26,205.62,62.6,11,4576,3,3,3,0
C100858,starter,monthly,eu,18,4,22.04,8.7,0,1561,0,10,0,0
C100859,growth,monthly,eu,57,15,71.88,39.7,6,745,2,8,1,0
C100860,growth,monthly,eu,33,13,70.19,6.8,2,4524,1,8,4,0
C100861,growth,annual,eu,4,28,68.72,60.9,11,12193,1,7,2,0
C100862,growth,monthly,apac,10,4,60.04,25.8,1,1065,1,9,1,0
C100863,growth,annual,us,16,39,73.84,83.1,17,24548,0,5,1,0
C100864,starter,annual,eu,39,6,19.62,12.5,1,1760,1,7,0,0
C100865,enterprise,monthly,us,42,58,290.22,69.5,26,14621,2,8,3,0
C100866,enterprise,monthly,eu,15,63,296.4,161.5,18,72364,0,9,6,0
C100867,growth,monthly,eu,9,23,77.71,37.0,8,2158,0,4,2,1
C100868,starter,monthly,eu,13,5,22.59,25.0,3,4026,1,9,1,0
C100869,starter,annual,us,17,2,17.58,2.5,3,1597,0,7,1,0
C100870,growth,monthly,us,12,8,65.28,11.2,6,3873,1,6,1,0
C100871,starter,monthly,apac,35,11,25.09,13.7,3,1716,1,4,2,1
C100872,enterprise,annual,eu,11,129,307.76,842.3,37,38701,0,10,3,0
C100873,starter,monthly,us,7,4,22.04,7.2,1,451,2,7,2,0
C100874,growth,monthly,eu,13,19,74.95,24.0,8,2551,0,8,1,0
C100875,enterprise,monthly,eu,19,109,344.45,45.6,50,27048,2,5,6,0
C100876,starter,monthly,apac,36,5,22.59,5.3,2,519,0,4,0,0
C100877,starter,annual,us,7,1,16.76,4.1,4,219,4,9,1,1
C100878,growth,monthly,eu,19,15,71.88,40.4,10,1243,1,5,0,0
C100879,growth,monthly,us,20,14,71.05,16.6,2,5633,0,10,3,0
C100880,starter,monthly,us,22,3,21.42,4.2,4,3092,0,10,3,1
C100881,growth,monthly,apac,11,26,79.63,175.7,9,41675,4,6,2,0
C100882,enterprise,monthly,us,22,32,252.61,386.9,6,2797,0,6,9,0
C100883,starter,monthly,eu,26,2,20.68,10.3,2,226,1,2,3,0
C100884,starter,annual,us,11,2,17.58,13.7,1,468,2,4,3,0
C100885,starter,annual,eu,18,4,18.73,28.3,4,1949,0,9,5,0
C100886,starter,monthly,eu,13,6,23.08,55.6,2,1261,0,10,2,0
C100887,starter,annual,us,8,9,20.71,13.9,4,5354,0,6,0,0
C100888,starter,monthly,us,5,3,21.42,3.5,3,1270,2,6,3,1
C100889,growth,annual,eu,9,27,68.2,179.0,9,1352,2,4,4,0
C100890,starter,monthly,us,10,5,22.59,5.1,3,1339,0,5,1,1
C100891,enterprise,monthly,us,5,104,339.8,91.6,34,8330,3,10,8,1
C100892,starter,monthly,us,21,3,21.42,3.2,3,473,1,8,1,1
C100893,starter,monthly,eu,27,3,21.42,5.8,2,543,1,4,0,1
C100894,growth,annual,eu,13,10,57.28,4.7,7,4856,0,9,2,0
C100895,enterprise,monthly,eu,15,45,272.8,30.1,14,10730,2,10,6,0
C100896,starter,monthly,eu,10,4,22.04,5.3,2,677,0,7,2,0
C100897,starter,monthly,eu,14,3,21.42,2.8,1,5184,0,6,2,0
C100898,starter,annual,eu,22,3,18.21,13.5,3,352,2,9,1,0
C100899,growth,annual,eu,19,25,67.15,46.2,8,7958,0,10,2,0
C100900,starter,monthly,eu,14,3,21.42,9.6,4,1432,1,9,2,0
C100901,starter,monthly,apac,10,2,20.68,6.4,3,630,0,7,1,1
C100902,starter,monthly,us,26,3,21.42,5.5,2,350,1,7,1,0
C100903,starter,annual,eu,11,6,19.62,23.6,4,645,0,4,0,0
C100904,enterprise,annual,apac,5,47,234.28,117.5,21,20076,1,5,3,1
C100905,growth,monthly,eu,17,19,74.95,28.2,3,11977,1,8,0,1
C100906,starter,annual,eu,3,3,18.21,2.0,1,749,2,6,1,1
C100907,starter,monthly,us,19,2,20.68,6.6,4,165,0,8,3,0
C100908,starter,annual,eu,20,3,18.21,2.6,0,792,1,7,1,1
C100909,starter,monthly,eu,9,1,19.72,3.7,0,1166,0,8,2,0
C100910,growth,monthly,eu,10,19,74.95,37.2,5,1890,2,7,3,0
C100911,enterprise,monthly,us,28,40,265.43,28.2,18,7347,1,9,5,0
C100912,enterprise,monthly,us,53,136,367.91,294.5,51,34887,0,9,5,0
C100913,enterprise,annual,eu,15,76,264.67,157.5,30,49339,1,7,4,0
C100914,enterprise,monthly,eu,9,60,292.72,124.9,18,9089,1,7,4,0
C100915,enterprise,annual,eu,20,142,316.88,284.4,53,53448,1,7,3,0
C100916,starter,annual,us,14,2,17.58,2.9,4,1893,0,6,3,0
C100917,starter,annual,eu,19,2,17.58,7.0,1,143,1,10,0,0
C100918,starter,annual,apac,17,1,16.76,1.7,1,92,0,6,1,0
C100919,growth,monthly,us,17,34,84.25,29.3,4,7646,0,7,4,0
C100920,starter,monthly,eu,2,10,24.74,30.5,12,6006,0,8,1,1
C100921,growth,monthly,us,10,7,64.12,26.2,2,2370,2,8,5,0
C100922,growth,monthly,eu,9,11,68.36,31.8,4,7146,0,8,0,0
C100923,growth,annual,eu,9,18,63.08,28.9,3,957,1,7,1,0
C100924,starter,monthly,eu,23,3,21.42,1.6,0,1071,0,10,2,1
C100925,starter,monthly,us,5,3,21.42,18.1,2,61,0,8,1,1
C100926,starter,monthly,us,2,3,21.42,1.6,1,2589,1,7,0,1
C100927,enterprise,monthly,apac,9,98,334.07,267.4,41,69593,2,10,3,0
C100928,growth,annual,eu,8,11,58.11,91.1,7,2030,1,6,0,0
C100929,growth,monthly,eu,15,19,74.95,39.1,8,585,1,10,1,0
C100930,starter,annual,us,8,2,17.58,5.6,1,448,0,3,1,1
C100931,starter,annual,eu,12,3,18.21,8.3,2,2142,0,7,2,0
C100932,starter,annual,eu,11,1,16.76,3.2,0,433,1,4,1,1
C100933,growth,monthly,apac,34,14,71.05,135.8,8,18256,4,5,3,1
C100934,growth,annual,us,8,13,59.66,13.5,3,2461,0,8,2,0
C100935,starter,monthly,apac,22,6,23.08,6.0,1,9405,1,8,2,0
C100936,enterprise,monthly,eu,14,77,312.48,111.0,40,3039,2,6,4,0
C100937,starter,annual,eu,29,4,18.73,27.7,1,518,0,10,1,0
C100938,enterprise,annual,eu,42,79,267.46,95.6,30,5996,2,10,4,0
C100939,starter,monthly,apac,14,1,19.72,3.8,2,578,1,7,2,0
C100940,starter,annual,eu,3,1,16.76,5.9,2,100,1,4,0,0
C100941,growth,monthly,eu,5,15,71.88,48.3,9,9148,3,9,3,1
C100942,starter,monthly,eu,4,4,22.04,16.7,2,1903,0,6,1,0
C100943,starter,annual,us,10,3,18.21,17.3,1,921,3,8,0,1
C100944,starter,monthly,us,9,2,20.68,5.7,1,488,0,9,1,0
C100945,starter,annual,us,17,3,18.21,4.6,1,303,1,7,1,0
C100946,growth,monthly,eu,27,15,71.88,31.0,1,6341,1,10,2,0
C100947,enterprise,annual,us,3,118,299.68,168.3,48,18107,1,7,1,0
C100948,enterprise,annual,eu,15,114,296.65,1204.6,34,55009,0,9,4,0
C100949,starter,annual,eu,8,3,18.21,4.4,1,2997,2,9,0,0
C100950,growth,monthly,eu,15,17,73.46,44.3,7,3146,4,9,0,0
C100951,starter,annual,us,10,4,18.73,2.9,3,3346,0,10,4,0
C100952,starter,monthly,eu,24,4,22.04,9.0,3,1209,0,6,3,0
C100953,starter,annual,apac,6,9,20.71,14.1,5,3807,0,5,1,1
C100954,enterprise,monthly,us,8,78,313.57,226.9,34,5739,0,7,3,0
C100955,enterprise,monthly,eu,13,143,373.6,422.3,49,18614,5,10,4,0
C100956,growth,annual,us,11,10,57.28,51.2,6,1316,0,10,2,0
C100957,growth,monthly,us,13,13,70.19,62.2,7,10710,2,6,1,0
C100958,starter,monthly,eu,3,1,19.72,2.7,0,216,0,7,0,1
C100959,growth,annual,us,37,19,63.71,18.2,5,8161,1,7,2,0
C100960,growth,monthly,eu,10,24,78.36,24.8,10,5455,2,8,4,0
C100961,starter,monthly,eu,6,1,19.72,3.5,0,215,0,9,0,0
C100962,starter,monthly,us,13,4,22.04,9.2,0,271,1,9,3,0
C100963,starter,monthly,us,15,5,22.59,12.0,1,226,2,10,2,1
C100964,enterprise,monthly,eu,49,105,340.74,130.6,27,18702,4,10,4,0
C100965,starter,monthly,eu,30,2,20.68,12.6,1,417,0,7,0,0
C100966,enterprise,monthly,us,11,117,351.68,75.5,45,12815,1,7,6,0
C100967,starter,monthly,eu,43,4,22.04,5.4,4,1161,3,7,0,0
C100968,growth,monthly,apac,37,24,78.36,20.8,11,34197,3,7,2,0
C100969,starter,annual,us,6,3,18.21,5.5,4,2982,0,8,1,0
C100970,starter,annual,apac,56,4,18.73,19.6,1,1004,2,9,5,0
C100971,starter,monthly,eu,10,6,23.08,9.6,1,1526,0,10,4,0
C100972,starter,monthly,us,16,3,21.42,6.9,3,1335,0,6,1,0
C100973,enterprise,annual,eu,34,92,278.94,265.2,36,26756,0,8,6,0
C100974,starter,monthly,eu,3,7,23.54,10.8,4,2995,1,6,2,0
C100975,growth,monthly,eu,13,16,72.68,39.0,9,4829,1,8,2,0
C100976,starter,monthly,eu,18,2,20.68,5.5,6,563,0,10,5,0
C100977,starter,monthly,apac,29,5,22.59,4.5,3,675,0,7,3,0
C100978,growth,annual,us,14,36,72.52,47.5,25,11521,0,10,3,0
C100979,starter,annual,us,3,7,20.01,17.4,9,217,1,6,1,0
C100980,enterprise,annual,us,48,114,296.65,505.9,34,33273,1,6,6,0
C100981,growth,monthly,us,15,5,61.53,24.5,1,187,2,7,1,1
C100982,growth,monthly,us,19,13,70.19,105.8,4,3856,1,8,1,0
C100983,starter,monthly,us,4,2,20.68,6.5,0,212,0,7,1,0
C100984,starter,monthly,us,36,4,22.04,6.1,6,3065,2,9,0,0
C100985,enterprise,monthly,us,10,186,405.85,321.1,59,46323,2,2,3,0
C100986,starter,annual,eu,8,2,17.58,4.2,2,512,0,5,1,1
C100987,starter,monthly,apac,31,12,25.44,17.0,6,4044,1,10,3,0
C100988,starter,annual,eu,4,3,18.21,8.4,2,340,0,4,2,1
C100989,growth,monthly,eu,19,12,69.29,30.5,4,7704,0,7,0,0
C100990,growth,monthly,apac,8,27,80.24,21.8,15,11668,2,9,2,1
C100991,growth,annual,eu,20,28,68.72,110.1,17,3948,0,7,0,0
C100992,growth,annual,eu,24,24,66.61,12.2,11,2145,5,6,1,1
C100993,starter,monthly,eu,10,2,20.68,3.9,0,350,0,8,1,1
C100994,enterprise,monthly,eu,35,102,337.91,412.7,39,20413,1,9,2,0
C100995,starter,monthly,apac,15,2,20.68,7.0,3,185,1,6,2,0
C100996,growth,monthly,us,49,12,69.29,17.6,3,1783,0,8,2,0
C100997,starter,monthly,us,31,3,21.42,25.4,0,417,1,9,3,0
C100998,enterprise,monthly,apac,16,53,283.78,70.8,18,9761,1,10,5,0
C100999,starter,monthly,us,16,6,23.08,2.9,6,1150,1,8,0,1
C101000,starter,monthly,apac,5,2,20.68,6.3,2,760,0,10,2,0
C101001,starter,annual,eu,31,3,18.21,1.8,3,730,1,7,1,0
C101002,starter,annual,us,9,2,17.58,2.6,2,704,1,5,2,0
C101003,starter,monthly,eu,17,6,23.08,18.2,3,1714,1,7,1,1
C101004,growth,monthly,eu,48,12,69.29,16.4,4,2257,2,10,3,0
C101005,starter,monthly,us,35,7,23.54,20.4,4,2942,0,6,5,0
C101006,enterprise,annual,eu,7,136,312.72,109.3,41,2536,1,3,3,0
C101007,starter,annual,us,15,3,18.21,11.7,5,514,0,8,3,0
C101008,growth,annual,us,19,18,63.08,10.2,4,2399,1,6,3,0
C101009,starter,monthly,eu,37,3,21.42,16.1,2,791,2,10,1,0
C101010,growth,monthly,eu,34,23,77.71,30.4,8,2887,2,8,1,0
C101011,growth,monthly,us,22,16,72.68,87.0,5,5851,3,10,2,0
C101012,starter,monthly,apac,21,3,21.42,3.6,4,1364,0,6,1,1
C101013,enterprise,annual,eu,15,81,269.28,564.8,28,5142,0,9,2,0
C101014,starter,monthly,apac,18,1,19.72,1.4,3,330,1,8,0,1
C101015,starter,monthly,us,12,3,21.42,1.8,2,224,1,10,3,0
C101016,growth,monthly,us,26,24,78.36,45.6,6,8207,3,8,1,0
C101017,growth,monthly,eu,21,19,74.95,83.5,7,2780,2,6,1,1
C101018,starter,monthly,us,30,6,23.08,20.5,3,664,0,10,0,0
C101019,starter,monthly,us,30,3,21.42,14.4,1,152,3,6,4,0
C101020,enterprise,annual,eu,9,63,251.94,201.8,23,12803,2,6,3,0
C101021,growth,annual,apac,1,10,57.28,10.7,7,794,4,7,2,1
C101022,enterprise,annual,apac,8,65,253.98,201.8,27,3776,4,7,7,0
C101023,growth,annual,us,18,48,77.51,93.3,21,12543,0,7,0,0
C101024,growth,annual,us,12,20,64.31,22.5,8,10646,1,6,2,0
C101025,starter,monthly,us,12,2,20.68,5.2,4,699,3,10,0,1
C101026,enterprise,monthly,us,8,48,277.02,84.0,14,2927,2,10,4,0
C101027,starter,monthly,us,20,1,19.72,7.5,1,239,3,9,1,0
C101028,growth,monthly,eu,3,11,68.36,14.5,3,4557,0,9,2,0
C101029,starter,monthly,eu,22,5,22.59,6.7,4,1017,0,4,2,1
C101030,growth,monthly,eu,22,14,71.05,16.1,8,4195,2,8,1,0
C101031,growth,annual,apac,30,11,58.11,78.5,9,1666,0,9,3,0
C101032,growth,monthly,eu,72,11,68.36,13.3,7,1747,0,10,2,0
C101033,enterprise,monthly,apac,1,110,345.37,493.3,37,13393,1,7,6,0
C101034,starter,monthly,us,22,3,21.42,3.1,0,1232,3,10,0,1
C101035,growth,monthly,eu,25,13,70.19,34.8,7,5343,0,8,2,0
C101036,starter,annual,apac,8,3,18.21,7.7,4,431,1,2,0,0
C101037,starter,monthly,us,13,12,25.44,53.6,7,5306,0,7,1,0
C101038,starter,annual,eu,10,7,20.01,29.1,5,440,0,6,4,0
C101039,starter,annual,eu,23,8,20.37,16.3,0,1552,2,6,1,0
C101040,starter,monthly,eu,32,1,19.72,1.9,1,80,1,10,2,0
C101041,growth,monthly,eu,5,16,72.68,92.9,5,1289,0,8,4,0
C101042,growth,monthly,eu,20,13,70.19,15.6,8,851,1,6,0,1
C101043,growth,monthly,us,37,23,77.71,8.7,8,2832,0,6,2,0
C101044,starter,monthly,eu,9,6,23.08,3.2,2,2393,1,8,0,1
C101045,starter,annual,eu,7,4,18.73,2.6,2,867,2,7,2,0
C101046,starter,monthly,eu,6,2,20.68,7.0,2,290,0,9,0,1
C101047,growth,annual,eu,7,12,58.9,106.5,9,2301,0,6,2,0
C101048,enterprise,monthly,apac,48,109,344.45,47.3,38,3776,0,7,3,0
C101049,starter,annual,eu,55,5,19.2,5.8,5,1924,1,5,2,0
C101050,growth,monthly,eu,40,19,74.95,37.5,7,560,1,6,1,0
C101051,starter,monthly,us,12,4,22.04,24.2,1,492,2,10,1,0
C101052,starter,monthly,apac,41,4,22.04,4.7,3,866,1,6,4,0
C101053,starter,monthly,us,6,4,22.04,12.4,4,1389,3,6,4,0
C101054,starter,annual,us,26,5,19.2,8.4,3,1426,1,6,3,0
C101055,growth,monthly,apac,9,24,78.36,274.2,13,5098,3,7,0,0
C101056,enterprise,monthly,us,5,80,315.73,160.4,31,65528,1,7,6,0
C101057,starter,monthly,apac,20,3,21.42,8.2,1,4353,1,10,1,0
C101058,growth,monthly,eu,20,17,73.46,33.5,4,3814,1,7,2,0
C101059,growth,monthly,us,22,12,69.29,16.9,5,2458,1,8,2,1
C101060,enterprise,monthly,apac,23,53,283.78,187.4,17,10142,2,3,7,0
C101061,growth,monthly,apac,19,23,77.71,18.8,7,2949,1,6,1,1
C101062,starter,monthly,us,14,2,20.68,1.1,1,687,2,10,0,0
C101063,growth,monthly,us,16,27,80.24,44.7,11,18812,1,6,1,0
C101064,starter,annual,eu,27,3,18.21,11.3,4,75,0,9,3,0
C101065,enterprise,monthly,us,19,120,354.33,144.5,48,22704,1,5,3,0
C101066,starter,annual,eu,10,5,19.2,11.4,6,4391,1,7,2,0
C101067,growth,monthly,us,8,27,80.24,21.1,7,8533,3,10,1,0
C101068,starter,monthly,us,16,3,21.42,13.5,3,1030,0,9,0,0
C101069,starter,monthly,eu,37,4,22.04,12.9,4,220,0,3,0,0
C101070,enterprise,monthly,eu,24,115,349.9,210.9,44,47689,1,10,4,0
C101071,growth,monthly,eu,38,8,65.28,17.3,5,4489,1,5,1,0
C101072,starter,monthly,us,12,9,24.36,6.5,9,2430,1,10,1,1
C101073,enterprise,monthly,us,18,248,446.36,174.0,92,30272,1,6,3,0
C101074,enterprise,annual,us,20,128,307.04,212.5,38,42023,4,5,4,0
C101075,starter,monthly,eu,28,5,22.59,14.3,2,452,4,6,0,1
C101076,growth,monthly,us,12,24,78.36,65.6,7,1859,6,6,4,1
C101077,starter,monthly,us,24,3,21.42,5.0,1,1461,1,6,1,0
C101078,growth,monthly,eu,35,17,73.46,53.2,3,10161,2,8,0,0
C101079,starter,annual,eu,14,6,19.62,31.9,1,702,1,8,0,0
C101080,starter,monthly,us,7,2,20.68,4.3,1,172,0,10,3,0
C101081,enterprise,monthly,eu,36,47,275.63,106.3,21,4715,2,8,3,0
C101082,enterprise,monthly,eu,25,65,298.8,102.0,25,17144,0,8,7,0
C101083,growth,monthly,eu,4,24,78.36,40.5,8,1869,0,6,0,1
C101084,enterprise,annual,eu,15,51,238.95,104.5,21,35787,0,7,7,0
C101085,growth,monthly,eu,50,16,72.68,98.2,4,2349,0,6,1,0
C101086,growth,annual,eu,22,17,62.44,60.0,9,5270,3,5,1,1
C101087,growth,monthly,us,16,10,67.39,33.9,3,1153,0,10,0,0
C101088,starter,annual,us,7,1,16.76,2.0,2,457,2,8,1,1
C101089,starter,monthly,eu,6,2,20.68,2.5,4,892,1,8,1,0
C101090,starter,monthly,us,26,4,22.04,10.8,3,205,1,10,3,0
C101091,growth,annual,us,7,22,65.49,97.0,9,2652,1,2,2,0
C101092,starter,monthly,eu,20,5,22.59,33.4,1,999,1,10,3,0
C101093,starter,monthly,eu,14,5,22.59,1.8,3,717,1,6,3,0
C101094,growth,annual,eu,19,13,59.66,135.2,2,6376,0,6,4,0
C101095,starter,monthly,us,13,2,20.68,6.2,1,286,1,6,2,0
C101096,starter,annual,us,22,4,18.73,15.5,2,1770,1,9,0,0
C101097,growth,annual,eu,30,16,61.78,8.8,6,5522,1,10,1,0
C101098,enterprise,annual,us,14,125,304.86,191.5,48,24999,1,10,1,0
C101099,starter,annual,apac,28,4,18.73,14.6,2,1837,1,6,0,0
C101100,starter,monthly,eu,39,7,23.54,6.0,7,398,2,4,0,1
C101101,starter,monthly,us,19,3,21.42,0.8,2,672,2,7,2,1
C101102,growth,monthly,us,26,30,82.02,69.6,15,3313,4,6,1,1
C101103,growth,monthly,us,5,49,91.64,86.1,15,9836,1,4,4,0
C101104,starter,annual,us,14,4,18.73,22.5,3,610,0,9,3,0
C101105,growth,monthly,us,4,23,77.71,37.9,5,5393,2,7,1,1
C101106,starter,monthly,eu,10,2,20.68,4.3,2,494,0,8,2,0
C101107,starter,monthly,eu,14,6,23.08,19.2,1,1552,2,9,3,0
C101108,enterprise,monthly,us,53,140,371.18,521.6,58,36223,3,9,2,0
C101109,starter,annual,eu,8,3,18.21,3.9,1,1190,0,7,2,0
C101110,starter,monthly,apac,15,5,22.59,19.4,1,370,1,10,1,0
C101111,starter,monthly,eu,7,4,22.04,5.7,2,1471,1,6,6,0
C101112,growth,annual,us,13,21,64.91,39.3,10,1197,1,6,0,0
C101113,enterprise,annual,us,22,120,301.18,347.0,43,2139,2,7,5,0
C101114,enterprise,monthly,eu,24,103,338.86,336.8,32,134024,1,9,5,0
C101115,starter,annual,us,12,3,18.21,8.0,3,305,2,9,0,0
C101116,starter,monthly,eu,9,6,23.08,5.5,3,915,3,7,1,1
C101117,growth,annual,us,42,31,70.2,15.3,16,1284,1,7,1,0
C101118,starter,monthly,us,11,3,21.42,5.6,1,472,1,10,1,0
C101119,enterprise,monthly,apac,2,79,314.65,282.6,28,20996,3,5,5,1
C101120,growth,annual,us,35,7,54.5,18.6,6,1978,3,10,1,0
C101121,starter,monthly,apac,2,5,22.59,11.8,2,388,2,7,2,1
C101122,growth,monthly,apac,35,33,83.71,60.1,10,4904,2,7,2,0
C101123,starter,monthly,eu,4,3,21.42,7.9,2,989,2,8,0,1
C101124,starter,monthly,apac,5,4,22.04,4.1,0,1153,0,9,0,0
C101125,growth,monthly,apac,6,16,72.68,51.5,4,4007,0,6,1,0
C101126,growth,monthly,eu,10,14,71.05,47.4,5,6205,1,8,2,0
C101127,growth,monthly,us,36,20,75.66,28.9,6,4034,2,5,0,1
C101128,growth,annual,eu,6,12,58.9,30.7,5,9417,0,6,1,0
C101129,enterprise,annual,us,22,71,259.91,38.7,21,12036,2,4,6,0
C101130,enterprise,monthly,eu,18,50,279.76,103.2,14,20645,1,8,8,0
C101131,growth,monthly,us,16,24,78.36,40.3,6,10283,1,7,2,0
C101132,starter,monthly,eu,31,4,22.04,19.8,2,213,0,3,3,0
C101133,growth,monthly,us,17,14,71.05,22.8,7,4655,0,6,3,0
C101134,enterprise,annual,eu,18,81,269.28,269.7,29,10044,1,7,2,0
C101135,starter,monthly,us,26,3,21.42,4.9,1,286,0,9,1,1
C101136,starter,monthly,us,11,7,23.54,2.7,2,1085,2,5,4,1
C101137,starter,monthly,us,15,3,21.42,5.5,2,821,1,7,2,0
C101138,starter,monthly,eu,19,5,22.59,11.5,5,281,2,5,3,1
C101139,growth,annual,eu,29,12,58.9,25.1,10,2756,0,9,1,0
C101140,starter,annual,eu,14,6,19.62,13.3,1,1126,0,6,3,0
C101141,growth,monthly,apac,15,30,82.02,38.6,9,16928,1,8,1,0
C101142,growth,monthly,eu,21,30,82.02,43.8,21,3760,3,7,2,0
C101143,growth,annual,us,14,37,72.97,30.7,17,23897,1,4,4,0
C101144,starter,monthly,eu,8,4,22.04,2.0,2,1317,2,7,2,0
C101145,starter,annual,us,26,7,20.01,12.6,5,1543,1,5,4,0
C101146,growth,annual,eu,17,40,74.27,43.3,14,27847,2,10,1,1
C101147,growth,monthly,us,11,10,67.39,40.5,4,12695,2,10,2,0
C101148,starter,annual,eu,6,2,17.58,1.0,1,405,0,9,2,0
C101149,enterprise,monthly,eu,2,37,260.79,82.9,18,4207,1,6,3,0
C101150,starter,annual,eu,22,6,19.62,52.1,1,2016,1,7,2,0
C101151,enterprise,monthly,eu,8,37,260.79,59.5,9,2275,1,8,3,0
C101152,starter,monthly,us,4,1,19.72,2.8,0,84,2,10,1,1
C101153,starter,monthly,apac,7,2,20.68,6.2,2,1589,0,7,0,1
C101154,growth,monthly,us,19,7,64.12,19.4,3,2660,4,8,1,0
C101155,starter,monthly,apac,8,4,22.04,6.2,5,430,1,4,5,1
C101156,starter,monthly,us,20,2,20.68,2.3,0,8233,0,8,2,1
C101157,starter,monthly,eu,10,1,19.72,4.4,1,78,1,6,4,0
C101158,starter,monthly,eu,15,3,21.42,1.7,2,1240,0,7,2,1
C101159,growth,monthly,eu,16,18,74.21,59.8,8,1958,2,5,3,1
C101160,starter,annual,eu,25,1,16.76,2.1,1,1341,1,8,2,0
C101161,growth,annual,apac,25,12,58.9,22.6,4,1668,0,9,2,0
C101162,growth,monthly,us,16,17,73.46,21.9,11,2934,1,7,1,0
C101163,starter,monthly,us,7,3,21.42,17.4,3,139,0,6,3,0
C101164,starter,annual,us,34,3,18.21,7.6,3,4627,1,9,5,0
C101165,enterprise,annual,eu,11,144,318.24,207.7,51,18194,0,10,3,0
C101166,growth,monthly,us,1,52,92.97,74.0,18,17701,1,10,4,0
C101167,growth,annual,eu,19,15,61.1,25.2,12,3364,2,8,2,0
C101168,growth,monthly,eu,19,9,66.36,92.1,3,1236,0,8,3,0
C101169,starter,monthly,eu,11,3,21.42,2.5,3,96,0,5,3,1
C101170,starter,annual,eu,4,4,18.73,17.5,2,757,0,10,2,0
C101171,growth,annual,us,3,17,62.44,47.0,9,2968,0,3,1,1
C101172,starter,annual,eu,12,5,19.2,29.4,2,1532,4,10,1,0
C101173,growth,monthly,eu,6,54,93.84,152.5,18,82268,1,7,4,0
C101174,growth,monthly,apac,29,7,64.12,13.6,2,2840,0,2,0,1
C101175,growth,monthly,apac,12,13,70.19,49.8,8,6309,0,8,1,0
C101176,starter,monthly,us,11,8,23.96,18.1,1,1375,0,7,2,0
C101177,starter,monthly,us,49,3,21.42,10.9,2,218,0,6,2,0
C101178,starter,monthly,us,1,5,22.59,27.2,5,894,1,7,2,0
C101179,starter,monthly,eu,15,5,22.59,10.7,3,594,1,7,1,0
C101180,growth,annual,eu,3,33,71.15,44.9,4,6988,1,7,3,1
C101181,starter,monthly,eu,36,10,24.74,12.1,3,1442,2,4,0,1
C101182,starter,monthly,eu,4,4,22.04,11.2,1,205,1,8,0,0
C101183,starter,annual,apac,20,1,16.76,1.5,0,844,3,7,2,0
C101184,starter,monthly,us,18,2,20.68,3.6,1,432,2,10,2,1
C101185,growth,annual,apac,2,53,79.4,49.0,27,8701,1,9,1,0
C101186,starter,monthly,us,20,1,19.72,4.0,1,100,3,9,2,0
C101187,enterprise,monthly,us,10,102,337.91,109.0,33,14661,1,10,4,0
C101188,starter,annual,us,23,1,16.76,1.1,3,124,1,9,2,0
C101189,growth,monthly,us,9,9,66.36,7.9,7,693,2,7,1,1
C101190,starter,monthly,us,20,6,23.08,7.9,3,1586,0,2,1,1
C101191,starter,annual,eu,14,4,18.73,5.9,2,610,0,8,0,1
C101192,enterprise,monthly,us,20,66,299.98,142.9,21,28580,3,10,5,0
C101193,enterprise,annual,eu,23,53,241.21,86.1,30,8467,1,9,4,0
C101194,enterprise,annual,us,13,29,210.29,68.9,12,7130,2,6,2,0
C101195,starter,annual,eu,11,5,19.2,13.7,3,1243,2,8,2,0
C101196,starter,monthly,us,22,3,21.42,10.7,0,1004,0,6,1,0
C101197,growth,monthly,eu,10,8,65.28,4.1,2,849,1,8,2,0
C101198,starter,annual,eu,13,4,18.73,3.7,1,2089,0,6,0,0
C101199,growth,monthly,us,41,24,78.36,65.2,4,1843,2,10,2,0
C101200,growth,monthly,eu,15,16,72.68,34.6,5,3709,0,8,1,0
C101201,growth,monthly,apac,25,19,74.95,69.7,11,1430,1,8,2,0
C101202,growth,monthly,eu,9,18,74.21,11.3,8,3597,3,6,2,1
C101203,growth,monthly,eu,20,12,69.29,16.2,3,5997,1,7,3,0
C101204,starter,monthly,eu,13,4,22.04,6.7,1,1533,2,5,2,1
C101205,starter,monthly,us,11,5,22.59,11.2,3,2982,1,10,2,1
C101206,growth,monthly,us,2,30,82.02,56.4,14,5062,5,6,3,1
C101207,starter,annual,eu,6,5,19.2,13.9,2,2606,2,8,1,1
C101208,starter,monthly,eu,51,2,20.68,4.2,3,263,2,4,3,0
C101209,starter,monthly,us,14,5,22.59,26.1,4,761,0,5,3,0
C101210,growth,monthly,apac,15,22,77.04,132.6,9,5497,0,7,1,0
C101211,growth,monthly,eu,29,12,69.29,10.3,3,5781,0,7,2,0
C101212,growth,annual,eu,19,14,60.39,27.0,6,1913,2,8,3,0
C101213,starter,annual,eu,11,5,19.2,17.5,2,2150,1,10,1,0
C101214,starter,monthly,eu,11,7,23.54,20.5,3,1958,2,3,2,1
C101215,growth,monthly,us,6,7,64.12,10.2,3,2153,1,9,3,0
C101216,starter,monthly,apac,21,9,24.36,20.6,7,941,0,8,1,0
C101217,growth,monthly,apac,22,32,83.15,19.3,15,5015,1,6,1,0
C101218,growth,monthly,us,15,19,74.95,34.7,7,3888,1,6,2,0
C101219,starter,monthly,eu,14,3,21.42,2.3,4,962,0,10,1,0
C101220,starter,monthly,apac,22,4,22.04,11.7,0,450,2,7,0,1
C101221,starter,monthly,eu,6,2,20.68,2.1,1,153,1,7,4,0
C101222,enterprise,monthly,eu,19,73,308.04,148.4,33,2363,1,5,5,0
C101223,growth,monthly,us,42,8,65.28,19.3,4,3542,1,6,2,0
C101224,starter,monthly,eu,9,1,19.72,3.0,1,632,0,5,4,0
C101225,enterprise,monthly,us,13,256,451.2,296.7,78,9237,5,9,1,1
C101226,starter,monthly,apac,35,4,22.04,7.1,2,996,0,6,1,0
C101227,starter,monthly,us,15,4,22.04,18.7,1,662,1,5,0,1
C101228,enterprise,monthly,us,27,78,313.57,105.0,36,51461,3,8,6,0
C101229,starter,monthly,eu,20,2,20.68,4.7,2,406,0,6,2,0
C101230,starter,annual,eu,21,3,18.21,4.3,1,1160,0,10,4,0
C101231,growth,annual,us,8,18,63.08,68.2,12,2735,2,7,3,0
C101232,starter,monthly,us,8,3,21.42,6.8,3,383,2,8,3,0
C101233,growth,monthly,apac,24,12,69.29,13.2,7,5366,0,8,1,0
C101234,starter,annual,eu,4,5,19.2,10.1,2,3035,0,9,0,0
C101235,starter,annual,eu,13,4,18.73,6.9,2,297,2,9,3,0
C101236,starter,monthly,eu,22,4,22.04,21.7,0,2600,1,7,0,0
C101237,starter,monthly,us,12,5,22.59,9.7,4,478,0,5,2,0
C101238,starter,monthly,us,14,3,21.42,2.4,1,87,0,7,1,1
C101239,starter,monthly,apac,28,3,21.42,9.1,4,717,1,8,2,0
C101240,enterprise,monthly,eu,38,167,392.12,1053.0,56,58072,2,4,1,0
C101241,starter,monthly,us,65,2,20.68,10.6,1,125,1,3,1,1
C101242,starter,monthly,eu,36,1,19.72,1.3,2,45,1,5,1,1
C101243,starter,monthly,eu,10,5,22.59,8.3,5,737,0,3,1,1
C101244,starter,monthly,eu,7,2,20.68,4.5,2,278,1,6,1,1
C101245,starter,annual,us,11,2,17.58,4.5,0,1681,0,6,0,1
C101246,growth,monthly,us,22,28,80.84,67.1,10,6278,2,8,0,0
C101247,starter,monthly,eu,11,3,21.42,5.0,1,1375,0,9,1,0
C101248,enterprise,monthly,us,9,42,268.43,40.4,18,11220,1,8,2,0
C101249,enterprise,annual,us,41,210,358.9,737.9,84,189784,1,8,3,0
C101250,starter,monthly,eu,11,1,19.72,1.3,1,121,0,9,2,0
C101251,starter,monthly,eu,21,3,21.42,3.7,0,656,1,7,1,0
C101252,starter,monthly,us,21,1,19.72,1.3,1,66,0,2,1,0
C101253,growth,annual,us,2,20,64.31,56.8,10,9236,0,4,0,0
C101254,starter,annual,us,39,2,17.58,5.0,3,1335,0,8,1,0
C101255,enterprise,annual,eu,5,120,301.18,402.8,44,58018,1,8,3,0
C101256,growth,monthly,us,4,17,73.46,18.2,7,3388,2,9,0,0
C101257,growth,monthly,apac,10,35,84.79,26.6,16,2028,0,10,2,0
C101258,growth,monthly,eu,7,14,71.05,19.2,5,2896,1,8,0,1
C101259,enterprise,monthly,eu,35,35,257.59,56.3,12,4211,0,7,5,0
C101260,starter,annual,apac,18,4,18.73,9.5,1,2134,0,8,1,0
C101261,starter,monthly,eu,9,3,21.42,2.0,2,484,0,5,0,1
C101262,starter,monthly,us,4,1,19.72,3.9,1,180,0,9,0,0
C101263,enterprise,annual,apac,20,47,234.28,45.8,22,73511,1,7,4,0
C101264,growth,monthly,eu,12,12,69.29,14.4,8,5523,1,10,0,1
C101265,growth,monthly,us,22,39,86.87,161.9,21,22728,3,4,6,0
C101266,starter,monthly,us,18,5,22.59,2.2,3,725,1,7,1,1
C101267,enterprise,annual,apac,8,67,255.98,152.4,19,5494,2,6,4,0
C101268,starter,annual,apac,24,5,19.2,12.5,2,3004,0,5,3,0
C101269,starter,monthly,apac,5,1,19.72,1.6,1,1034,0,9,3,0
C101270,enterprise,annual,eu,12,60,248.81,79.7,25,4163,0,7,4,0
C101271,starter,annual,us,13,4,18.73,19.3,1,584,2,10,1,0
C101272,starter,annual,apac,14,4,18.73,32.4,0,408,0,6,5,0
C101273,growth,annual,us,4,13,59.66,51.4,9,4488,2,7,1,1
C101274,starter,monthly,us,34,3,21.42,24.0,6,1887,1,10,0,0
C101275,starter,annual,eu,8,4,18.73,5.1,3,668,2,5,0,1
C101276,starter,monthly,apac,3,3,21.42,2.1,3,508,3,6,2,1
C101277,starter,annual,eu,19,6,19.62,11.4,2,235,2,1,5,0
C101278,enterprise,monthly,eu,51,93,329.16,295.8,39,8689,2,6,4,0
C101279,growth,annual,apac,2,23,66.05,11.6,8,19842,1,9,0,1
C101280,starter,annual,apac,28,9,20.71,9.0,2,3163,2,8,1,0
C101281,starter,monthly,apac,15,6,23.08,6.7,3,3153,3,8,5,1
C101282,starter,annual,us,5,9,20.71,22.1,4,1461,1,6,3,0
C101283,growth,monthly,eu,13,12,69.29,26.5,4,2104,0,7,1,0
C101284,enterprise,monthly,us,43,36,259.2,38.2,14,8105,1,7,5,0
C101285,enterprise,monthly,eu,36,74,309.16,152.2,21,21864,2,7,2,0
C101286,starter,annual,apac,72,3,18.21,2.9,2,2450,1,8,0,0
C101287,starter,monthly,us,25,8,23.96,11.4,2,988,0,7,2,0
C101288,starter,monthly,eu,10,2,20.68,1.9,1,433,0,7,2,0
C101289,growth,monthly,eu,28,17,73.46,28.4,15,1856,2,7,1,0
C101290,starter,monthly,eu,8,4,22.04,4.7,2,158,0,6,0,1
C101291,growth,monthly,apac,14,18,74.21,54.2,3,9179,0,8,1,0
C101292,growth,annual,us,8,16,61.78,29.3,1,17206,3,5,1,0
C101293,starter,annual,eu,25,4,18.73,7.0,3,1852,1,8,0,0
C101294,starter,annual,eu,23,6,19.62,40.7,4,1686,2,5,4,0
C101295,starter,monthly,eu,9,8,23.96,20.1,3,9597,1,7,2,0
C101296,starter,annual,eu,32,4,18.73,6.3,1,1406,2,8,1,0
C101297,starter,monthly,apac,39,2,20.68,3.1,1,1009,1,5,1,1
C101298,growth,monthly,us,10,38,86.36,30.4,13,9548,2,10,2,0
C101299,starter,monthly,eu,20,2,20.68,4.4,1,638,1,10,2,0
C101300,starter,monthly,us,41,9,24.36,21.3,2,1801,1,6,2,0
C101301,growth,monthly,eu,19,35,84.79,16.8,7,16396,2,7,1,0
C101302,growth,annual,eu,12,37,72.97,26.0,12,3067,3,10,2,0
C101303,starter,monthly,us,14,5,22.59,7.0,2,1677,1,4,1,1
C101304,growth,monthly,eu,10,6,62.88,5.5,3,636,0,7,1,0
C101305,enterprise,annual,us,33,47,234.28,88.2,12,16440,1,7,6,0
C101306,growth,annual,us,30,20,64.31,42.0,9,38383,2,9,2,0
C101307,growth,monthly,apac,8,12,69.29,20.7,2,5050,1,7,2,0
C101308,starter,monthly,eu,9,3,21.42,9.4,3,2042,0,8,3,0
C101309,enterprise,monthly,us,4,108,343.53,129.8,50,53642,0,6,5,0
C101310,starter,monthly,eu,22,3,21.42,6.2,2,88,1,9,0,0
C101311,enterprise,monthly,us,6,43,269.9,38.8,17,8447,2,5,5,1
C101312,growth,monthly,eu,55,28,80.84,62.7,13,9293,0,9,1,0
C101313,starter,annual,us,7,5,19.2,10.5,2,175,1,8,0,0
C101314,starter,monthly,eu,2,3,21.42,2.8,3,550,1,2,1,1
C101315,growth,monthly,apac,5,25,79.0,41.3,12,5168,0,8,1,0
C101316,growth,monthly,apac,19,18,74.21,32.5,5,1324,1,9,1,0
C101317,starter,annual,eu,14,7,20.01,16.6,2,664,1,5,1,0
C101318,growth,monthly,us,7,19,74.95,44.0,11,14095,0,6,1,0
C101319,enterprise,monthly,eu,13,155,383.04,169.0,65,1361,1,8,5,0
C101320,starter,monthly,us,9,1,19.72,4.8,3,345,0,6,0,0
C101321,starter,annual,eu,22,5,19.2,14.4,5,3277,1,8,0,0
C101322,starter,annual,eu,6,3,18.21,3.9,1,693,1,7,1,0
C101323,growth,monthly,us,17,11,68.36,9.3,4,8776,4,5,1,1
C101324,starter,monthly,us,17,7,23.54,8.6,4,1082,0,10,1,0
C101325,enterprise,monthly,us,14,124,357.8,80.0,48,12103,3,7,7,0
C101326,starter,monthly,us,20,1,19.72,3.2,4,268,1,8,2,0
C101327,growth,annual,eu,13,25,67.15,105.3,8,3937,2,10,0,1
C101328,starter,monthly,eu,25,5,22.59,27.0,4,687,1,9,3,0
C101329,starter,monthly,us,14,2,20.68,2.1,0,417,4,9,6,1
C101330,growth,annual,us,34,11,58.11,36.1,7,1211,0,10,1,0
C101331,starter,annual,eu,17,1,16.76,3.0,2,127,3,9,2,0
C101332,growth,monthly,eu,32,15,71.88,5.2,3,1220,0,9,1,0
C101333,enterprise,monthly,us,9,73,308.04,104.9,19,23437,1,9,7,0
C101334,enterprise,monthly,us,6,119,353.45,157.7,43,10674,2,7,3,1
C101335,enterprise,annual,us,24,91,278.08,384.6,29,6563,3,10,5,0
C101336,starter,annual,eu,15,2,17.58,2.5,1,186,0,9,0,0
C101337,growth,annual,us,1,20,64.31,54.9,8,5355,0,3,0,1
C101338,enterprise,annual,us,8,70,258.94,117.8,24,28221,1,9,5,0
C101339,starter,monthly,eu,19,2,20.68,1.7,1,963,1,6,1,0
C101340,starter,monthly,eu,14,1,19.72,1.9,0,327,0,8,1,0
C101341,growth,monthly,eu,8,24,78.36,129.1,8,8631,2,4,2,0
C101342,starter,annual,us,14,5,19.2,8.9,4,1095,0,6,3,0
C101343,growth,monthly,eu,16,23,77.71,79.9,3,7700,2,7,0,0
C101344,enterprise,monthly,us,3,55,286.39,181.4,28,18057,1,9,3,0
C101345,growth,monthly,us,32,19,74.95,25.7,7,2194,0,6,2,0
C101346,starter,annual,eu,37,2,17.58,1.9,1,186,1,3,1,0
C101347,starter,annual,us,8,2,17.58,2.1,1,1655,1,6,0,0
C101348,starter,annual,us,50,4,18.73,22.7,1,1041,2,7,2,0
C101349,starter,monthly,eu,14,4,22.04,9.1,4,2397,1,9,2,1
C101350,growth,annual,us,9,7,54.5,4.0,5,591,2,8,1,0
C101351,growth,annual,us,8,10,57.28,34.1,3,1562,0,6,3,0
C101352,starter,annual,eu,47,3,18.21,1.8,1,206,4,8,2,0
C101353,starter,annual,us,6,6,19.62,6.6,1,2451,0,10,0,1
C101354,enterprise,annual,us,17,53,241.21,102.0,18,6736,2,10,1,0
C101355,starter,annual,eu,18,4,18.73,47.9,3,565,1,3,5,0
C101356,growth,monthly,apac,25,20,75.66,65.5,7,25871,3,10,1,0
C101357,starter,monthly,us,16,3,21.42,4.6,1,1293,0,10,1,0
C101358,growth,monthly,us,45,20,75.66,37.7,5,8017,1,10,1,0
C101359,starter,annual,eu,51,2,17.58,8.8,0,166,0,4,2,0
C101360,growth,annual,eu,38,12,58.9,61.1,3,505,1,7,2,0
C101361,starter,monthly,eu,19,8,23.96,12.9,4,4336,1,9,2,0
C101362,growth,monthly,us,28,38,86.36,59.6,13,1120,4,5,1,1
C101363,starter,annual,us,12,6,19.62,6.6,2,872,0,9,2,0
C101364,starter,annual,us,32,6,19.62,18.8,4,660,0,10,0,0
C101365,growth,annual,eu,9,7,54.5,27.9,1,691,1,7,3,0
C101366,starter,monthly,us,7,2,20.68,1.2,2,329,1,10,2,1
C101367,starter,annual,us,7,3,18.21,4.8,3,275,0,9,0,0
C101368,starter,annual,us,22,13,21.9,10.4,3,974,1,3,2,1
C101369,starter,monthly,us,41,3,21.42,7.1,4,893,0,6,0,0
C101370,starter,monthly,apac,44,5,22.59,4.2,3,3003,1,10,3,0
C101371,enterprise,annual,eu,2,96,282.3,69.0,36,4437,2,5,5,1
C101372,starter,monthly,us,29,4,22.04,18.0,3,1109,0,10,0,1
C101373,growth,monthly,apac,6,17,73.46,28.1,6,6170,3,9,1,1
C101374,enterprise,annual,us,64,43,229.42,75.2,16,14214,0,8,1,0
C101375,starter,annual,eu,5,1,16.76,3.8,0,221,1,6,1,1
C101376,growth,monthly,apac,3,34,84.25,122.7,13,4400,1,8,1,0
C101377,enterprise,annual,eu,30,58,246.69,78.6,29,25354,4,10,4,0
C101378,growth,monthly,eu,11,7,64.12,10.3,5,2150,0,7,1,0
C101379,starter,annual,eu,10,4,18.73,6.2,3,169,1,9,1,0
C101380,starter,monthly,us,8,4,22.04,17.5,3,762,2,10,1,1
C101381,starter,annual,eu,9,5,19.2,9.5,2,1209,0,8,2,0
C101382,growth,annual,us,31,31,70.2,46.3,13,2567,1,6,4,0
C101383,enterprise,monthly,apac,7,50,279.76,119.6,14,8876,2,6,2,0
C101384,enterprise,monthly,us,13,51,281.12,334.4,16,17541,1,3,3,0
C101385,starter,annual,us,6,3,18.21,6.7,1,337,1,5,2,1
C101386,growth,monthly,apac,16,27,80.24,41.1,9,7387,3,8,0,1
C101387,starter,monthly,us,10,1,19.72,10.9,1,111,1,9,1,0
C101388,enterprise,monthly,eu,21,85,321.02,390.7,28,6161,0,7,5,0
C101389,starter,annual,eu,23,6,19.62,27.0,3,2384,0,9,0,0
C101390,enterprise,monthly,us,42,124,357.8,157.9,54,78617,4,9,7,0
C101391,growth,monthly,us,61,25,79.0,30.2,9,1913,1,6,1,0
C101392,starter,annual,us,8,6,19.62,3.3,6,3230,1,6,0,1
C101393,starter,monthly,eu,25,1,19.72,5.5,2,267,1,5,2,0
C101394,growth,monthly,us,10,40,87.37,77.0,16,1207,0,9,3,0
C101395,starter,monthly,us,22,4,22.04,2.3,5,256,0,7,2,0
C101396,growth,monthly,us,22,35,84.79,148.4,11,13398,0,9,4,0
C101397,enterprise,monthly,apac,21,44,271.36,63.3,14,2256,0,7,0,0
C101398,growth,annual,us,26,7,54.5,11.7,2,911,1,5,1,0
C101399,starter,monthly,us,17,9,24.36,6.0,2,1887,0,9,1,0
C101400,starter,annual,us,11,2,17.58,6.5,0,733,2,3,0,1
C101401,starter,monthly,us,16,3,21.42,9.1,0,838,1,7,2,0
C101402,enterprise,monthly,us,58,104,339.8,182.0,44,94080,3,6,3,0
C101403,starter,monthly,us,9,5,22.59,7.5,5,552,2,10,3,0
C101404,starter,monthly,us,12,6,23.08,74.2,2,1497,0,10,2,0
C101405,starter,annual,us,8,4,18.73,3.5,5,1398,0,8,0,0
C101406,enterprise,monthly,us,2,47,275.63,51.7,16,19728,1,6,1,0
C101407,starter,monthly,eu,14,5,22.59,16.4,4,2962,0,10,0,1
C101408,enterprise,monthly,us,24,114,349.0,101.4,32,17003,0,6,3,0
C101409,growth,annual,us,7,7,54.5,6.3,6,2858,1,4,0,0
C101410,growth,monthly,eu,38,36,85.32,145.3,9,3464,1,3,1,0
C101411,enterprise,annual,eu,20,23,200.67,64.8,3,4765,2,8,3,0
C101412,growth,monthly,eu,31,30,82.02,77.2,10,10441,2,4,3,1
C101413,enterprise,monthly,apac,19,58,290.22,119.7,25,30817,3,10,6,0
C101414,starter,annual,apac,13,5,19.2,6.2,2,1921,2,6,2,0
C101415,growth,monthly,us,11,23,77.71,35.5,7,5544,1,5,1,1
C101416,growth,monthly,eu,18,17,73.46,29.9,9,3528,1,10,4,0
C101417,growth,annual,us,20,22,65.49,73.4,12,8013,1,9,0,0
C101418,enterprise,monthly,us,10,76,311.38,185.7,26,120288,2,10,6,0
C101419,enterprise,monthly,apac,13,114,349.0,107.7,45,54228,1,4,6,0
C101420,growth,monthly,eu,51,53,93.41,167.5,21,16508,3,3,2,1
C101421,starter,monthly,eu,16,2,20.68,1.4,1,143,1,10,2,0
C101422,starter,annual,us,18,1,16.76,2.2,1,126,2,2,2,0
C101423,starter,monthly,eu,43,3,21.42,2.9,4,530,1,5,2,0
C101424,starter,annual,us,20,3,18.21,3.5,2,1610,1,8,2,0
C101425,starter,annual,us,15,3,18.21,24.7,2,306,0,5,2,0
C101426,starter,annual,eu,30,2,17.58,1.6,5,874,1,8,2,0
C101427,starter,annual,eu,26,6,19.62,6.7,4,1526,1,5,4,0
C101428,growth,annual,us,18,9,56.41,24.6,4,2794,1,10,2,0
C101429,starter,monthly,us,19,5,22.59,7.2,1,947,3,9,3,0
C101430,enterprise,monthly,us,12,110,345.37,221.9,32,14175,1,8,8,0
C101431,growth,monthly,eu,6,21,76.36,105.5,7,1944,2,7,1,1
C101432,starter,annual,us,23,5,19.2,15.8,5,1994,0,5,2,1
C101433,starter,monthly,us,4,6,23.08,8.5,2,1279,1,7,1,0
C101434,starter,annual,us,6,4,18.73,7.5,1,353,1,5,0,1
C101435,enterprise,monthly,us,13,67,301.16,176.3,33,18082,3,10,2,0
C101436,starter,annual,eu,12,5,19.2,15.6,4,25046,0,8,3,0
C101437,growth,monthly,us,25,24,78.36,44.8,11,4446,1,6,0,0
C101438,enterprise,annual,us,30,124,304.13,288.6,44,121108,4,10,8,0
C101439,enterprise,monthly,eu,56,33,254.3,77.8,10,714,2,7,6,0
C101440,starter,monthly,us,3,3,21.42,6.0,2,557,0,10,2,0
C101441,starter,annual,apac,21,2,17.58,3.0,1,1157,1,10,0,0
C101442,starter,annual,us,21,5,19.2,16.8,5,1166,0,8,0,0
C101443,starter,annual,eu,19,5,19.2,12.3,2,645,2,5,4,0
C101444,starter,annual,us,23,3,18.21,1.5,2,693,0,6,3,0
C101445,growth,monthly,eu,27,12,69.29,12.7,7,6528,1,10,0,0
C101446,enterprise,annual,us,38,107,291.22,138.3,39,162377,2,6,5,0
C101447,growth,monthly,us,19,16,72.68,25.9,4,9314,0,7,0,0
C101448,growth,monthly,eu,46,36,85.32,152.8,9,5060,0,6,2,0
C101449,starter,monthly,eu,19,9,24.36,161.8,7,1646,1,5,2,0
C101450,growth,monthly,apac,11,29,81.43,9.5,19,5249,3,9,0,0
C101451,growth,monthly,eu,18,20,75.66,45.8,3,2039,0,5,0,1
C101452,enterprise,annual,us,7,199,352.62,377.1,62,38121,1,6,5,0
C101453,enterprise,monthly,us,8,90,326.15,143.7,40,15515,3,8,3,1
C101454,starter,annual,us,14,3,18.21,9.4,4,241,0,7,4,0
C101455,starter,monthly,eu,12,2,20.68,5.1,0,1042,0,8,1,0
C101456,starter,monthly,eu,38,2,20.68,3.6,2,716,1,7,5,0
C101457,starter,annual,eu,14,3,18.21,6.5,1,399,0,5,1,0
C101458,enterprise,monthly,us,6,100,336.0,267.2,35,25187,1,10,0,0
C101459,starter,monthly,apac,16,1,19.72,3.9,0,113,1,10,1,0
C101460,growth,annual,apac,19,14,60.39,29.9,3,1904,1,5,2,1
C101461,growth,monthly,eu,17,20,75.66,24.6,5,8263,1,8,2,0
C101462,starter,monthly,eu,6,5,22.59,72.0,4,1757,0,6,3,0
C101463,starter,annual,eu,41,3,18.21,8.2,3,447,2,10,3,0
C101464,growth,monthly,apac,3,20,75.66,63.1,7,5890,1,9,1,1
C101465,growth,annual,eu,17,9,56.41,12.1,8,1899,3,10,2,0
C101466,starter,annual,eu,6,2,17.58,5.3,1,200,2,5,3,1
C101467,starter,monthly,us,31,3,21.42,7.3,1,611,0,5,2,0
C101468,growth,monthly,us,21,23,77.71,11.1,6,7539,0,3,1,0
C101469,starter,monthly,eu,19,4,22.04,5.0,3,1225,2,10,2,0
C101470,enterprise,annual,us,13,52,240.09,56.5,23,2505,4,9,4,0
C101471,starter,monthly,eu,38,3,21.42,4.2,6,824,2,10,2,0
C101472,starter,annual,eu,13,8,20.37,7.3,1,1852,1,4,0,1
C101473,starter,monthly,eu,49,5,22.59,10.3,1,208,0,9,1,0
C101474,growth,annual,eu,8,16,61.78,79.3,9,1725,4,4,0,0
C101475,growth,monthly,apac,16,10,67.39,20.8,3,3502,1,8,1,1
C101476,starter,monthly,us,26,2,20.68,2.0,0,1704,0,7,0,1
C101477,enterprise,monthly,us,22,80,315.73,70.5,27,4032,4,7,2,1
C101478,starter,monthly,eu,15,4,22.04,6.3,2,2245,1,6,2,0
C101479,starter,annual,us,3,5,19.2,3.7,2,212,0,10,3,0
C101480,starter,monthly,apac,18,4,22.04,10.1,3,3271,0,6,1,0
C101481,starter,monthly,eu,12,3,21.42,16.5,2,573,3,10,2,1
C101482,growth,monthly,apac,9,13,70.19,16.3,6,1529,2,7,2,1
C101483,starter,monthly,us,27,11,25.09,21.9,3,3398,2,8,3,1
C101484,growth,annual,us,2,13,59.66,18.1,4,1224,2,9,1,1
C101485,starter,annual,eu,15,2,17.58,3.0,0,780,0,8,5,0
C101486,enterprise,annual,us,1,35,218.95,73.1,10,6932,0,8,2,0
C101487,starter,monthly,us,22,3,21.42,4.0,1,23,1,10,3,0
C101488,enterprise,monthly,apac,27,127,360.37,130.4,37,13493,2,10,5,0
C101489,starter,annual,apac,17,2,17.58,1.5,2,582,0,2,0,1
C101490,starter,monthly,eu,11,8,23.96,16.1,3,4726,3,7,0,1
C101491,growth,annual,apac,38,17,62.44,66.7,3,5108,0,10,1,0
C101492,growth,monthly,apac,40,31,82.59,93.2,10,17683,3,6,0,0
C101493,growth,monthly,us,20,12,69.29,64.2,6,1203,3,7,1,0
C101494,starter,annual,eu,44,2,17.58,2.9,2,943,0,8,1,0
C101495,growth,monthly,eu,8,18,74.21,60.6,6,7836,3,10,2,0
C101496,enterprise,annual,eu,14,101,286.41,84.5,43,5131,2,5,11,0
C101497,growth,monthly,eu,1,16,72.68,49.0,9,9604,3,6,2,1
C101498,starter,monthly,apac,6,4,22.04,25.9,2,1249,1,8,2,0
C101499,growth,monthly,eu,5,24,78.36,62.7,10,4137,1,8,2,0
C101500,growth,monthly,us,22,8,65.28,49.3,3,1383,0,8,3,0
C101501,enterprise,monthly,us,6,67,301.16,80.0,29,5811,2,8,2,1
C101502,starter,monthly,us,9,3,21.42,5.8,1,1253,1,7,0,0
C101503,starter,annual,eu,10,3,18.21,3.4,3,932,0,9,1,0
C101504,growth,annual,us,5,22,65.49,41.6,6,8263,0,8,0,1
C101505,growth,monthly,us,16,13,70.19,29.5,6,3124,1,7,3,0
C101506,growth,monthly,us,19,6,62.88,12.0,1,1649,0,7,0,0
C101507,starter,monthly,eu,4,3,21.42,4.6,4,544,0,6,0,0
C101508,starter,annual,us,25,2,17.58,3.3,2,1291,0,6,3,0
C101509,growth,monthly,eu,7,23,77.71,54.0,5,8819,1,9,0,0
C101510,starter,monthly,us,10,5,22.59,8.9,5,1344,1,5,6,0
C101511,starter,monthly,eu,21,1,19.72,1.3,4,239,0,9,2,0
C101512,growth,monthly,eu,10,12,69.29,6.0,5,548,1,7,1,0
C101513,growth,monthly,us,6,21,76.36,25.6,4,783,0,7,2,0
C101514,enterprise,monthly,eu,16,39,263.9,27.1,15,6195,1,7,8,0
C101515,starter,annual,apac,32,5,19.2,5.6,5,3602,3,8,0,1
C101516,starter,monthly,apac,29,6,23.08,8.8,4,726,1,10,1,0
C101517,enterprise,monthly,eu,9,73,308.04,119.5,32,8850,2,10,6,0
C101518,starter,monthly,eu,7,2,20.68,2.9,2,204,1,10,3,0
C101519,starter,monthly,eu,8,1,19.72,13.0,3,85,0,8,3,0
C101520,starter,monthly,apac,29,6,23.08,4.9,3,602,2,9,1,0
C101521,growth,monthly,us,8,48,91.19,203.8,14,13634,1,3,1,0
C101522,enterprise,monthly,eu,42,196,412.8,315.7,69,27729,0,9,3,0
C101523,growth,annual,us,21,16,61.78,18.8,5,2201,3,8,1,0
C101524,growth,monthly,eu,14,10,67.39,28.7,11,1281,2,4,1,1
C101525,starter,annual,us,9,6,19.62,8.6,0,1696,1,6,2,0
C101526,starter,monthly,us,16,3,21.42,3.6,6,1009,0,8,5,0
C101527,starter,monthly,eu,6,5,22.59,35.0,2,214,1,8,1,0
C101528,starter,annual,us,4,4,18.73,1.8,4,469,2,9,0,1
C101529,starter,annual,eu,21,4,18.73,6.9,3,858,1,10,3,0
C101530,starter,monthly,us,14,6,23.08,13.5,2,2034,0,7,1,1
C101531,starter,annual,us,26,6,19.62,31.6,7,1537,1,5,2,1
C101532,growth,monthly,apac,18,13,70.19,18.5,2,6103,1,9,3,0
C101533,growth,monthly,us,9,11,68.36,134.0,3,693,3,10,3,0
C101534,starter,annual,apac,29,1,16.76,4.8,1,392,2,10,2,0
C101535,starter,annual,eu,10,3,18.21,1.2,1,4498,0,8,2,0
C101536,growth,monthly,apac,35,10,67.39,6.9,6,2349,0,10,2,0
C101537,growth,monthly,eu,9,22,77.04,47.9,4,5295,2,7,1,0
C101538,growth,monthly,us,4,15,71.88,12.6,5,5346,0,10,1,1
C101539,starter,monthly,eu,39,3,21.42,9.4,1,435,3,5,3,1
C101540,growth,annual,apac,9,27,68.2,36.1,14,2555,1,3,0,1
C101541,starter,monthly,apac,10,4,22.04,3.5,5,980,0,5,0,1
C101542,starter,monthly,eu,5,3,21.42,3.3,1,160,1,6,1,1
C101543,starter,monthly,us,13,9,24.36,31.2,5,2899,1,7,2,1
C101544,starter,monthly,us,5,5,22.59,2.4,2,1911,1,5,0,1
C101545,starter,monthly,eu,38,3,21.42,13.3,0,168,1,8,2,0
C101546,starter,annual,us,11,3,18.21,13.6,1,822,4,9,4,0
C101547,growth,annual,us,7,26,67.68,37.9,7,4749,0,8,3,0
C101548,starter,annual,us,15,4,18.73,3.1,0,3517,0,7,0,0
C101549,starter,monthly,eu,61,2,20.68,6.8,3,1593,1,10,1,0
C101550,starter,monthly,apac,16,6,23.08,8.4,5,2922,0,6,2,0
C101551,starter,monthly,eu,12,7,23.54,4.7,6,4727,0,7,0,1
C101552,starter,monthly,us,15,7,23.54,51.8,3,1145,1,6,4,0
C101553,starter,monthly,eu,26,8,23.96,8.3,5,2287,0,9,1,0
C101554,starter,annual,eu,25,11,21.33,7.4,3,1968,2,7,1,0
C101555,growth,annual,eu,18,42,75.1,93.5,15,3787,1,8,1,0
C101556,enterprise,monthly,eu,30,94,330.15,162.3,32,22331,0,9,6,0
C101557,starter,monthly,us,16,3,21.42,18.1,1,659,3,6,2,0
C101558,growth,annual,us,13,7,54.5,10.4,1,1325,0,4,2,0
C101559,enterprise,monthly,us,15,80,315.73,111.9,34,16734,1,7,7,0
C101560,enterprise,annual,us,9,103,288.03,235.7,43,23987,0,6,3,0
C101561,growth,monthly,eu,27,18,74.21,38.4,5,8916,1,6,3,0
C101562,enterprise,monthly,eu,9,31,250.9,66.7,11,4060,1,2,8,0
C101563,enterprise,monthly,us,2,69,303.49,151.5,23,4814,0,4,3,0
C101564,growth,annual,us,4,24,66.61,49.6,6,9811,0,9,2,0
C101565,starter,monthly,us,19,2,20.68,3.4,3,1059,1,5,1,1
C101566,starter,annual,eu,8,4,18.73,14.7,2,1283,0,10,1,0
C101567,starter,monthly,us,25,4,22.04,6.4,4,334,0,6,2,0
C101568,starter,monthly,eu,14,6,23.08,20.7,3,1217,0,8,3,0
C101569,starter,annual,us,27,9,20.71,45.4,6,2624,1,7,2,0
C101570,starter,monthly,eu,2,3,21.42,4.0,4,271,2,9,3,1
C101571,growth,monthly,us,9,19,74.95,189.5,5,2126,2,7,1,0
C101572,growth,monthly,eu,7,20,75.66,22.5,12,3900,1,8,1,0
C101573,growth,annual,us,68,24,66.61,27.0,13,15456,1,10,0,0
C101574,starter,monthly,eu,10,5,22.59,14.6,1,1408,0,8,0,0
C101575,starter,monthly,us,4,8,23.96,21.0,3,1081,1,6,3,0
C101576,growth,annual,eu,19,5,52.3,10.5,4,959,0,3,1,1
C101577,growth,annual,us,6,22,65.49,72.0,6,2685,3,7,0,1
C101578,enterprise,annual,eu,29,102,287.22,220.3,26,15522,2,8,4,0
C101579,enterprise,annual,eu,32,71,259.91,546.9,17,30018,0,8,4,0
C101580,enterprise,annual,us,7,25,204.0,44.3,13,986,1,6,1,0
C101581,starter,monthly,eu,8,3,21.42,3.5,4,2319,0,8,1,1
C101582,starter,monthly,eu,18,2,20.68,3.1,0,3515,1,9,2,0
C101583,starter,annual,us,29,9,20.71,23.9,7,2350,1,10,3,0
C101584,growth,annual,us,19,21,64.91,54.5,11,2210,2,7,1,0
C101585,enterprise,annual,apac,10,53,241.21,111.4,12,33360,3,10,3,0
C101586,starter,monthly,eu,4,1,19.72,1.5,1,347,2,10,2,1
C101587,growth,monthly,us,45,24,78.36,96.0,10,3320,0,8,2,0
C101588,starter,monthly,us,20,5,22.59,38.8,3,480,1,8,2,0
C101589,starter,monthly,eu,51,3,21.42,6.5,5,493,1,10,1,0
C101590,starter,monthly,us,22,5,22.59,35.5,2,1368,0,5,1,1
C101591,starter,annual,eu,47,3,18.21,11.7,2,1590,1,6,1,0
C101592,enterprise,monthly,apac,7,136,367.91,1161.7,51,38705,1,5,4,0
C101593,starter,monthly,us,8,6,23.08,16.4,4,2062,1,7,2,1
C101594,growth,monthly,us,13,7,64.12,15.0,3,1177,3,6,2,0
C101595,growth,annual,us,7,8,55.48,27.8,3,3907,1,7,2,0
C101596,starter,annual,eu,3,11,21.33,15.4,4,2051,0,7,2,0
C101597,starter,monthly,eu,9,6,23.08,15.7,3,7164,1,5,2,0
C101598,growth,monthly,us,21,9,66.36,43.7,6,1128,3,10,3,0
C101599,starter,monthly,us,5,1,19.72,5.0,1,385,1,10,0,0
C101600,enterprise,monthly,us,5,88,324.11,156.0,22,139246,1,6,1,0
C101601,starter,monthly,eu,9,2,20.68,5.3,0,1252,0,10,1,0
C101602,growth,annual,us,6,15,61.1,47.6,7,6552,2,8,2,1
C101603,growth,annual,eu,10,17,62.44,52.5,7,4951,0,10,1,0
C101604,starter,monthly,eu,13,3,21.42,10.8,1,745,0,5,0,0
C101605,starter,monthly,apac,5,7,23.54,17.2,6,1360,0,7,1,1
C101606,enterprise,monthly,us,9,200,415.53,202.7,79,26568,0,9,2,0
C101607,starter,monthly,us,14,3,21.42,4.0,2,178,0,7,3,0
C101608,starter,monthly,apac,7,2,20.68,6.4,1,872,2,7,1,0
C101609,starter,annual,eu,4,4,18.73,14.7,4,233,0,7,0,0
C101610,starter,monthly,apac,8,9,24.36,28.1,3,3648,0,8,1,0
C101611,growth,annual,us,11,14,60.39,16.3,7,2370,1,8,1,0
C101612,growth,monthly,us,3,27,80.24,44.6,6,2535,3,10,3,1
C101613,starter,annual,eu,22,2,17.58,2.0,4,1736,1,5,1,1
C101614,growth,annual,eu,11,18,63.08,12.6,3,1088,3,8,1,0
C101615,starter,monthly,eu,8,2,20.68,4.9,2,269,2,9,3,1
C101616,starter,monthly,eu,3,4,22.04,21.2,0,555,0,5,1,1
C101617,growth,annual,eu,20,16,61.78,32.0,8,4084,0,7,3,0
C101618,enterprise,monthly,us,32,108,343.53,743.0,35,13718,0,8,4,0
C101619,starter,monthly,us,9,9,24.36,15.3,8,7565,0,10,4,0
C101620,starter,monthly,eu,48,3,21.42,6.5,0,207,0,8,1,0
C101621,growth,monthly,us,14,6,62.88,5.9,1,54146,1,9,1,0
C101622,growth,annual,apac,14,16,61.78,23.4,6,1377,3,9,4,0
C101623,starter,monthly,us,26,4,22.04,3.6,1,13299,0,2,0,0
C101624,starter,monthly,us,20,4,22.04,2.8,2,2487,2,8,0,1
C101625,growth,monthly,us,5,16,72.68,13.1,2,3233,0,6,1,0
C101626,starter,annual,eu,9,8,20.37,16.3,2,2220,3,10,1,1
C101627,starter,annual,eu,29,4,18.73,4.9,2,661,0,9,1,0
C101628,starter,monthly,apac,21,3,21.42,4.5,4,970,0,9,0,1
C101629,starter,monthly,us,48,2,20.68,6.1,0,252,1,8,0,0
C101630,starter,monthly,us,18,1,19.72,0.9,0,511,0,8,0,1
C101631,enterprise,monthly,apac,21,94,330.15,180.1,20,24419,1,9,2,0
C101632,growth,monthly,eu,8,20,75.66,67.0,9,1826,0,7,1,0
C101633,growth,monthly,eu,32,10,67.39,36.5,3,3305,3,10,1,0
C101634,enterprise,monthly,us,1,78,313.57,203.0,29,23912,3,5,7,1
C101635,starter,annual,eu,16,3,18.21,6.2,1,372,1,10,2,0
C101636,starter,monthly,us,22,2,20.68,3.0,2,333,1,7,6,0
C101637,enterprise,annual,us,18,53,241.21,91.0,18,18572,0,9,3,0
C101638,starter,monthly,us,14,4,22.04,26.1,2,2482,1,4,2,1
C101639,growth,monthly,eu,13,16,72.68,36.1,7,3141,0,8,0,0
C101640,growth,monthly,us,14,13,70.19,22.6,5,6724,2,7,1,1
C101641,starter,annual,eu,6,2,17.58,6.8,1,1401,3,7,4,1
C101642,starter,annual,apac,18,3,18.21,6.6,2,2294,1,4,3,0
C101643,starter,monthly,eu,8,6,23.08,13.8,3,1994,1,7,2,0
C101644,starter,annual,apac,9,4,18.73,6.9,2,413,2,8,1,0
C101645,starter,monthly,us,5,3,21.42,4.8,4,1584,2,4,3,1
C101646,starter,monthly,eu,72,4,22.04,16.5,2,783,2,5,1,0
C101647,growth,monthly,us,17,35,84.79,16.3,11,12226,1,8,0,0
C101648,enterprise,monthly,eu,4,102,337.91,258.1,38,12768,2,8,2,0
C101649,growth,monthly,us,15,20,75.66,26.5,5,2593,1,7,0,0
C101650,starter,annual,us,32,5,19.2,2.6,3,612,1,7,4,0
C101651,starter,monthly,us,17,3,21.42,3.2,2,215,2,7,3,0
C101652,starter,monthly,eu,14,4,22.04,8.0,3,548,1,6,1,1
C101653,starter,monthly,us,7,3,21.42,6.9,4,280,1,7,0,1
C101654,enterprise,monthly,apac,17,36,259.2,110.5,13,13268,1,4,5,1
C101655,starter,monthly,us,24,4,22.04,14.4,1,357,1,6,1,0
C101656,starter,annual,eu,24,4,18.73,2.8,2,509,1,7,2,0
C101657,growth,annual,eu,16,15,61.1,36.5,6,3360,4,10,2,0
C101658,starter,monthly,apac,16,6,23.08,19.7,2,7001,3,7,3,0
C101659,starter,annual,eu,35,2,17.58,5.4,3,263,2,10,2,0
C101660,starter,monthly,eu,33,1,19.72,4.0,2,78,0,10,1,0
C101661,growth,monthly,us,12,12,69.29,5.8,6,826,1,8,1,0
C101662,growth,monthly,eu,46,8,65.28,7.7,3,834,2,7,3,0
C101663,starter,monthly,us,4,4,22.04,21.3,3,515,1,10,1,0
C101664,enterprise,monthly,eu,17,54,285.09,80.7,21,94936,2,9,6,0
C101665,enterprise,annual,us,18,130,308.48,1114.1,45,68390,3,8,3,0
C101666,growth,monthly,apac,7,29,81.43,21.7,8,4843,2,6,0,1
C101667,starter,annual,apac,3,2,17.58,13.7,2,2597,1,7,0,0
C101668,starter,annual,apac,7,2,17.58,3.0,3,282,0,5,0,1
C101669,enterprise,annual,apac,28,104,288.83,344.2,31,15837,0,10,2,0
C101670,starter,monthly,eu,28,6,23.08,9.6,5,896,1,8,0,0
C101671,growth,annual,apac,23,6,53.45,12.8,2,3452,1,7,2,0
C101672,growth,monthly,apac,8,20,75.66,56.1,11,4178,1,6,2,0
C101673,starter,monthly,us,28,1,19.72,1.8,1,1048,1,5,0,1
C101674,growth,monthly,eu,8,13,70.19,42.7,5,4301,0,7,2,0
C101675,enterprise,annual,eu,17,138,314.12,207.0,53,68913,0,8,4,0
C101676,growth,monthly,us,14,81,104.28,166.3,32,3485,1,3,3,0
C101677,starter,monthly,us,10,3,21.42,1.0,1,154,2,5,1,1
C101678,enterprise,annual,eu,22,42,228.17,60.5,14,2074,1,6,5,0
C101679,growth,monthly,eu,26,13,70.19,59.1,5,1980,1,10,4,0
C101680,growth,annual,us,7,18,63.08,54.3,9,1004,2,6,1,0
C101681,growth,monthly,eu,15,12,69.29,42.0,4,8214,1,4,1,0
C101682,growth,monthly,apac,25,11,68.36,21.6,9,2065,0,5,1,1
C101683,starter,monthly,eu,1,3,21.42,20.7,1,1235,0,10,0,0
C101684,starter,monthly,eu,19,4,22.04,10.0,2,597,1,7,3,1
C101685,starter,monthly,eu,25,3,21.42,4.0,0,1492,1,5,2,0
C101686,growth,monthly,apac,20,11,68.36,37.8,5,421,0,4,1,0
C101687,growth,monthly,apac,21,12,69.29,43.1,4,2574,0,7,5,0
C101688,growth,annual,eu,13,14,60.39,40.7,3,4912,0,8,2,0
C101689,starter,annual,eu,24,2,17.58,3.5,1,830,0,8,1,0
C101690,growth,monthly,eu,5,12,69.29,27.5,8,2021,1,10,2,0
C101691,enterprise,monthly,eu,7,110,345.37,527.8,41,5199,5,5,4,1
C101692,starter,monthly,us,20,3,21.42,8.9,1,1764,0,7,1,0
C101693,growth,annual,eu,24,7,54.5,4.8,2,1117,1,8,4,0
C101694,growth,annual,us,32,30,69.71,35.4,9,5052,3,6,1,0
C101695,growth,monthly,eu,41,22,77.04,25.3,11,36035,2,3,0,1
C101696,starter,monthly,us,8,2,20.68,2.7,1,535,2,8,0,0
C101697,growth,annual,eu,5,14,60.39,6.0,5,1962,2,6,2,1
C101698,enterprise,annual,eu,27,53,241.21,362.1,35,6955,2,5,5,0
C101699,growth,monthly,eu,10,25,79.0,24.9,13,9919,1,6,1,0
C101700,enterprise,annual,eu,14,66,254.98,68.2,24,6960,1,10,4,0
C101701,enterprise,monthly,eu,25,77,312.48,35.9,33,26928,3,10,4,0
C101702,starter,monthly,apac,17,3,21.42,11.7,4,1913,2,5,3,1
C101703,growth,annual,eu,23,8,55.48,14.5,6,1672,1,4,0,1
C101704,starter,monthly,eu,7,8,23.96,12.0,5,4403,0,9,1,0
C101705,enterprise,monthly,eu,18,111,346.28,163.0,40,23000,1,10,5,0
C101706,starter,annual,us,18,2,17.58,6.9,2,264,0,10,3,0
C101707,starter,annual,apac,31,4,18.73,5.9,1,208,2,4,2,0
C101708,enterprise,monthly,us,36,130,362.91,58.4,40,36699,2,10,4,0
C101709,starter,monthly,us,10,4,22.04,3.3,6,1214,1,7,0,0
C101710,growth,annual,us,6,39,73.84,27.8,17,20872,0,3,3,1
C101711,starter,monthly,eu,24,17,26.97,38.3,6,8405,0,6,3,0
C101712,enterprise,annual,apac,3,75,263.74,260.8,30,106380,3,6,3,1
C101713,enterprise,annual,us,26,59,247.76,299.1,32,7724,0,8,4,0
C101714,starter,monthly,eu,27,2,20.68,1.5,4,675,0,5,1,1
C101715,growth,monthly,us,9,5,61.53,15.4,1,619,1,9,1,0
C101716,starter,annual,eu,1,7,20.01,8.8,1,3672,0,8,3,0
C101717,growth,annual,eu,29,15,61.1,216.7,10,1455,0,10,4,0
C101718,growth,monthly,us,38,27,80.24,130.6,8,13632,1,6,1,0
C101719,growth,monthly,eu,36,30,82.02,181.0,14,3427,0,8,1,0
C101720,starter,annual,us,37,2,17.58,8.1,3,977,1,5,1,0
C101721,starter,monthly,apac,4,2,20.68,6.0,2,1451,1,9,1,0
C101722,growth,monthly,us,15,43,88.84,59.1,11,2348,0,7,2,0
C101723,growth,annual,eu,18,17,62.44,20.8,9,1127,2,7,0,0
C101724,starter,annual,us,16,2,17.58,2.6,2,605,2,7,2,1
C101725,starter,annual,us,24,2,17.58,7.1,3,550,0,4,1,1
C101726,starter,annual,eu,6,3,18.21,19.1,1,546,0,10,1,0
C101727,enterprise,monthly,eu,3,170,394.34,239.1,54,24395,1,8,5,0
C101728,starter,annual,us,2,5,19.2,6.0,6,533,0,10,4,0
C101729,starter,monthly,apac,29,4,22.04,2.9,4,1253,0,10,2,0
C101730,enterprise,monthly,eu,4,177,399.44,379.3,63,16368,1,6,5,0
C101731,starter,annual,eu,16,8,20.37,36.4,6,2516,0,7,3,0
C101732,growth,annual,apac,9,21,64.91,95.0,5,2785,1,4,1,0
C101733,starter,annual,eu,9,16,22.68,78.2,7,2440,1,10,4,0
C101734,enterprise,monthly,eu,12,70,304.64,169.9,20,46146,0,8,5,0
C101735,growth,annual,us,10,31,70.2,60.5,13,16219,3,8,1,0
C101736,enterprise,monthly,eu,3,65,298.8,289.5,18,5851,4,7,10,0
C101737,starter,annual,eu,12,6,19.62,5.4,2,624,1,5,0,1
C101738,growth,annual,us,7,15,61.1,20.6,6,6746,2,10,3,0
C101739,growth,monthly,us,7,22,77.04,134.5,6,1345,0,10,2,0
C101740,starter,annual,us,45,13,21.9,11.5,2,10770,0,10,1,0
C101741,starter,annual,eu,4,6,19.62,11.5,0,1547,0,7,3,0
C101742,starter,annual,us,12,5,19.2,15.6,2,683,4,8,1,1
C101743,enterprise,annual,us,17,54,242.33,104.1,16,12043,2,10,4,0
C101744,growth,annual,us,45,19,63.71,78.7,5,14399,3,8,0,0
C101745,growth,monthly,us,5,10,67.39,55.3,2,331,1,10,2,0
C101746,growth,monthly,us,35,28,80.84,71.9,16,15640,1,10,0,0
C101747,growth,annual,apac,12,27,68.2,131.2,9,17552,2,10,1,0
C101748,starter,annual,us,13,3,18.21,3.3,3,532,0,8,1,1
C101749,starter,annual,eu,23,9,20.71,15.4,4,1903,0,2,1,1
C101750,growth,monthly,apac,39,38,86.36,373.7,7,9509,0,8,3,0
C101751,starter,monthly,apac,9,4,22.04,32.0,5,1800,0,7,3,0
C101752,enterprise,annual,eu,18,106,290.42,78.5,26,12118,3,8,1,0
C101753,growth,annual,eu,16,13,59.66,24.2,11,2872,2,10,2,0
C101754,starter,monthly,us,15,3,21.42,7.0,3,649,1,6,1,0
C101755,growth,monthly,eu,25,10,67.39,25.4,3,4145,0,6,0,0
C101756,starter,monthly,us,8,3,21.42,15.6,1,7888,0,6,2,0
C101757,enterprise,monthly,us,11,75,310.28,492.8,19,8550,1,10,3,0
C101758,enterprise,monthly,eu,3,34,255.95,63.9,14,8084,1,6,2,0
C101759,enterprise,monthly,eu,21,106,341.68,420.7,30,11784,1,8,2,0
C101760,starter,monthly,apac,15,6,23.08,18.6,6,882,0,10,5,0
C101761,starter,annual,eu,38,3,18.21,6.3,5,270,0,9,1,0
C101762,starter,annual,us,5,1,16.76,0.9,0,68,1,3,1,1
C101763,starter,annual,eu,49,3,18.21,13.1,3,2059,2,6,2,0
C101764,starter,monthly,us,24,1,19.72,4.3,1,372,0,6,1,0
C101765,starter,monthly,us,23,2,20.68,6.0,2,533,0,4,3,0
C101766,enterprise,monthly,eu,9,165,390.63,149.9,67,16554,0,6,3,0
C101767,starter,monthly,us,11,1,19.72,11.0,2,252,0,2,1,1
C101768,starter,monthly,us,10,2,20.68,5.1,0,173,0,8,0,0
C101769,growth,annual,eu,34,27,68.2,22.3,18,5845,2,7,1,0
C101770,growth,annual,eu,2,12,58.9,9.1,2,3632,2,6,2,1
C101771,growth,annual,us,13,12,58.9,36.3,6,1651,0,4,2,0
C101772,growth,monthly,us,14,49,91.64,146.3,19,5480,1,10,0,0
C101773,enterprise,monthly,us,10,96,332.12,125.7,41,13592,0,6,8,0
C101774,growth,monthly,us,6,28,80.84,71.1,9,12929,3,10,0,1
C101775,growth,monthly,eu,1,23,77.71,67.7,14,6127,1,7,1,0
C101776,growth,annual,eu,13,19,63.71,38.8,7,996,1,10,0,0
C101777,starter,monthly,us,21,7,23.54,8.3,6,3049,0,9,0,0
C101778,starter,annual,us,15,10,21.03,37.2,3,3669,1,8,1,0
C101779,starter,monthly,us,6,1,19.72,5.0,2,320,0,6,1,0
C101780,starter,annual,eu,14,3,18.21,9.5,2,3122,1,10,2,0
C101781,growth,annual,us,38,17,62.44,17.6,8,3872,2,7,1,0
C101782,starter,monthly,us,8,3,21.42,2.5,2,1046,0,6,2,1
C101783,starter,annual,eu,17,6,19.62,12.4,4,2090,0,7,0,0
C101784,starter,monthly,us,18,4,22.04,15.7,3,2048,4,7,1,1
C101785,growth,annual,us,4,47,77.12,177.3,21,8502,2,9,1,1
C101786,starter,annual,eu,11,6,19.62,17.8,4,767,3,3,0,1
C101787,growth,annual,eu,11,35,72.07,46.7,12,18605,2,10,1,1
C101788,enterprise,annual,eu,14,43,229.42,44.7,12,21792,4,8,4,0
C101789,starter,monthly,apac,33,2,20.68,4.5,2,1543,0,7,3,0
C101790,growth,annual,eu,5,12,58.9,22.5,5,3910,0,8,0,0
C101791,starter,annual,eu,34,7,20.01,29.5,7,361,0,4,1,0
C101792,starter,monthly,eu,22,2,20.68,3.3,0,568,1,8,2,0
C101793,growth,monthly,eu,50,11,68.36,15.8,3,2546,0,9,1,0
C101794,enterprise,annual,eu,2,45,231.88,345.6,16,30087,2,7,2,1
C101795,starter,annual,us,69,15,22.43,82.9,4,8685,1,8,1,0
C101796,growth,monthly,eu,4,16,72.68,16.1,7,6197,0,9,2,0
C101797,starter,annual,eu,7,5,19.2,28.0,4,178,2,6,0,0
C101798,growth,annual,eu,7,10,57.28,8.7,7,1071,1,10,2,0
C101799,growth,monthly,eu,22,29,81.43,39.3,9,4633,0,7,0,0
C101800,growth,monthly,eu,12,7,64.12,10.9,7,1169,1,10,1,0
C101801,growth,monthly,us,8,11,68.36,19.7,4,2870,1,10,1,0
C101802,starter,annual,us,44,2,17.58,7.1,0,1857,0,8,2,0
C101803,growth,monthly,us,1,20,75.66,39.9,8,8973,1,6,2,0
C101804,growth,monthly,eu,29,12,69.29,34.8,5,1176,2,7,1,1
C101805,growth,annual,apac,13,38,73.41,52.4,11,3989,0,10,2,0
C101806,starter,annual,us,8,5,19.2,13.0,5,503,1,6,1,0
C101807,starter,annual,eu,9,2,17.58,4.9,1,441,0,8,4,0
C101808,starter,monthly,eu,11,6,23.08,4.5,2,2829,0,9,0,0
C101809,starter,annual,us,7,3,18.21,9.0,1,1691,1,7,3,0
C101810,starter,monthly,eu,25,2,20.68,4.9,1,349,1,6,3,0
C101811,starter,monthly,eu,10,6,23.08,7.2,2,1333,0,10,2,0
C101812,growth,annual,us,23,5,52.3,7.4,3,5189,0,8,1,0
C101813,starter,annual,eu,9,5,19.2,7.6,1,302,1,7,4,0
C101814,growth,monthly,apac,16,12,69.29,19.0,8,4776,1,6,2,0
C101815,growth,annual,eu,16,12,58.9,77.4,3,4334,0,9,1,0
C101816,growth,monthly,eu,14,47,90.73,369.8,18,7955,0,7,0,0
C101817,starter,monthly,eu,35,3,21.42,0.9,2,698,0,9,0,0
C101818,starter,monthly,eu,37,6,23.08,16.6,2,2000,1,5,1,1
C101819,growth,monthly,apac,25,20,75.66,72.2,6,3414,4,8,2,1
C101820,enterprise,annual,us,30,96,282.3,149.4,35,11926,1,6,4,0
C101821,starter,annual,apac,24,3,18.21,12.3,2,374,3,10,1,1
C101822,growth,annual,us,10,15,61.1,89.1,9,17902,3,8,2,0
C101823,growth,monthly,eu,13,38,86.36,26.6,16,5658,1,5,1,1
C101824,growth,monthly,eu,2,28,80.84,56.4,9,7444,1,9,2,0
C101825,starter,monthly,eu,6,3,21.42,25.2,2,1439,1,10,1,1
C101826,growth,annual,apac,4,10,57.28,8.0,3,1860,1,7,1,1
C101827,starter,monthly,us,8,2,20.68,4.2,4,506,0,6,0,0
C101828,enterprise,monthly,us,17,130,362.91,171.7,48,45043,4,3,3,1
C101829,starter,annual,us,9,7,20.01,28.4,2,741,0,10,0,0
C101830,starter,annual,us,26,5,19.2,23.0,4,289,0,4,1,1
C101831,enterprise,monthly,eu,6,35,257.59,71.7,16,4015,1,7,3,0
C101832,starter,monthly,us,22,5,22.59,10.2,3,5449,0,4,1,1
C101833,starter,annual,us,6,7,20.01,4.1,3,948,1,10,2,0
C101834,starter,monthly,us,33,4,22.04,22.2,2,1046,2,10,2,0
C101835,starter,monthly,eu,6,10,24.74,14.8,1,682,2,8,1,1
C101836,starter,annual,eu,20,2,17.58,4.2,3,1640,0,10,0,0
C101837,starter,monthly,us,8,5,22.59,19.7,2,877,0,7,3,0
C101838,growth,monthly,apac,41,10,67.39,21.8,6,1494,3,6,2,0
C101839,growth,monthly,apac,40,30,82.02,111.1,9,5897,2,4,1,1
C101840,starter,monthly,us,19,5,22.59,15.3,4,11040,2,9,2,0
C101841,growth,monthly,eu,19,44,89.32,92.5,19,14477,1,5,2,0
C101842,starter,monthly,eu,25,5,22.59,12.4,2,999,0,10,2,0
C101843,enterprise,monthly,us,22,65,298.8,53.8,22,1072,1,5,5,0
C101844,starter,monthly,eu,27,3,21.42,5.8,3,2399,1,10,1,0
C101845,growth,annual,us,6,15,61.1,59.8,6,1792,0,10,0,0
C101846,starter,annual,us,14,3,18.21,3.4,3,330,0,5,3,0
C101847,growth,monthly,eu,8,35,84.79,38.8,12,3899,2,6,0,1
C101848,starter,monthly,eu,40,7,23.54,7.3,2,5943,0,7,1,0
C101849,growth,annual,eu,4,8,55.48,17.1,5,1743,3,10,0,1
C101850,starter,annual,eu,44,4,18.73,21.9,4,236,2,7,0,0
C101851,enterprise,annual,us,15,82,270.18,218.0,36,15054,1,5,10,0
C101852,growth,monthly,eu,28,12,69.29,4.9,3,1273,2,8,1,0
C101853,growth,monthly,eu,9,22,77.04,63.9,11,6758,3,5,1,1
C101854,growth,monthly,eu,4,37,85.84,49.6,17,5784,2,7,0,1
C101855,enterprise,annual,eu,39,124,304.13,320.3,49,6657,1,6,2,0
C101856,starter,monthly,us,21,7,23.54,12.2,3,1476,2,8,0,0
C101857,starter,monthly,us,5,2,20.68,2.5,2,466,1,6,5,0
C101858,starter,monthly,us,13,4,22.04,7.8,4,301,0,6,1,0
C101859,starter,monthly,us,12,2,20.68,3.4,1,84,3,10,1,1
C101860,growth,monthly,eu,20,20,75.66,45.9,10,5739,3,8,0,0
C101861,enterprise,monthly,us,6,94,330.15,91.5,40,16103,3,7,5,1
C101862,enterprise,annual,eu,5,129,307.76,106.1,52,23424,1,3,6,0
C101863,growth,annual,apac,16,34,71.61,103.8,12,14734,2,9,1,0
C101864,growth,annual,eu,6,25,67.15,100.0,10,969,0,6,3,0
C101865,enterprise,monthly,eu,39,52,282.45,142.0,16,12131,1,8,2,0
C101866,enterprise,annual,eu,26,40,225.62,46.4,23,16067,3,4,1,1
C101867,starter,annual,us,25,5,19.2,6.0,1,976,2,8,0,0
C101868,growth,monthly,eu,2,38,86.36,43.0,17,2351,2,8,0,1
C101869,growth,monthly,apac,10,17,73.46,58.9,9,2091,3,7,1,1
C101870,starter,annual,eu,11,1,16.76,1.6,2,180,1,6,0,0
C101871,starter,monthly,us,5,11,25.09,38.6,5,596,2,10,2,1
C101872,enterprise,monthly,us,22,102,337.91,288.3,45,31416,1,6,4,0
C101873,enterprise,monthly,eu,20,87,323.09,374.8,24,19245,0,9,6,0
C101874,enterprise,monthly,eu,25,44,271.36,168.8,20,5455,1,10,1,0
C101875,growth,monthly,eu,30,18,74.21,48.8,7,9735,0,6,2,0
C101876,starter,monthly,us,29,5,22.59,3.6,1,719,0,9,0,0
C101877,starter,monthly,apac,72,5,22.59,15.3,5,4357,2,6,1,1
C101878,growth,annual,eu,14,12,58.9,24.5,7,2112,4,9,2,1
C101879,growth,monthly,eu,12,17,73.46,24.3,3,1605,3,5,3,1
C101880,growth,monthly,eu,22,13,70.19,63.3,6,1266,1,7,0,0
C101881,growth,monthly,eu,34,41,87.87,67.3,14,9845,3,8,0,0
C101882,starter,annual,us,3,6,19.62,8.1,3,523,2,7,2,1
C101883,growth,annual,eu,7,13,59.66,53.6,5,3314,1,8,2,0
C101884,starter,monthly,eu,9,2,20.68,3.5,0,342,1,6,0,1
C101885,starter,monthly,apac,15,4,22.04,5.5,3,635,2,6,0,1
C101886,starter,monthly,us,10,3,21.42,2.9,4,684,1,9,2,0
C101887,starter,monthly,us,30,3,21.42,3.6,3,1754,1,7,0,0
C101888,enterprise,annual,eu,17,45,231.88,49.0,12,6104,1,6,3,0
C101889,starter,monthly,apac,13,2,20.68,7.1,1,578,1,6,0,0
C101890,starter,annual,us,20,4,18.73,4.0,1,1387,0,6,2,0
C101891,growth,monthly,us,2,15,71.88,7.6,2,1128,0,5,4,1
C101892,growth,monthly,eu,19,62,97.16,139.2,25,21915,0,9,3,0
C101893,starter,annual,apac,7,5,19.2,6.4,3,2396,3,6,1,1
C101894,starter,monthly,us,26,2,20.68,4.5,2,1169,0,5,1,0
C101895,starter,annual,us,2,1,16.76,6.9,1,100,1,7,0,0
C101896,growth,monthly,us,21,21,76.36,40.8,7,1833,0,4,5,0
C101897,starter,annual,us,7,3,18.21,18.4,5,676,0,6,0,0
C101898,starter,monthly,us,34,7,23.54,13.0,1,1439,1,10,1,0
C101899,starter,monthly,apac,3,4,22.04,16.6,2,946,0,5,3,0
C101900,growth,annual,eu,15,6,53.45,8.0,8,994,1,7,4,0
C101901,starter,monthly,eu,24,2,20.68,5.0,3,579,1,10,2,0
C101902,growth,monthly,us,18,12,69.29,11.8,9,270,0,8,1,0
C101903,starter,annual,us,18,4,18.73,4.6,0,1682,2,6,2,0
C101904,growth,monthly,us,4,10,67.39,16.2,7,8462,2,3,0,1
C101905,starter,annual,us,4,4,18.73,3.2,2,565,3,8,0,1
C101906,starter,annual,us,18,2,17.58,5.1,1,588,1,6,0,1
C101907,starter,annual,us,16,4,18.73,6.6,1,4221,2,9,0,1
C101908,growth,monthly,eu,6,21,76.36,45.7,5,4813,1,6,0,0
C101909,enterprise,monthly,apac,5,166,391.37,119.6,59,48140,0,8,2,0
C101910,starter,annual,eu,13,4,18.73,13.4,0,4879,0,10,0,0
C101911,starter,monthly,us,10,2,20.68,15.1,1,3063,0,9,1,1
C101912,enterprise,monthly,apac,49,168,392.86,858.9,74,14246,1,5,1,1
C101913,growth,monthly,eu,35,16,72.68,113.0,10,2465,1,8,0,0
C101914,starter,monthly,eu,26,5,22.59,10.3,3,2570,1,9,1,0
C101915,starter,monthly,eu,38,2,20.68,3.6,1,766,1,4,2,0
C101916,growth,annual,us,8,18,63.08,47.0,8,7570,1,10,1,0
C101917,growth,annual,eu,9,12,58.9,19.1,3,254,0,8,0,0
C101918,growth,annual,eu,32,21,64.91,11.5,11,805,0,9,4,0
C101919,enterprise,monthly,apac,15,119,353.45,381.9,40,130673,2,7,3,0
C101920,starter,monthly,eu,15,3,21.42,5.4,3,1425,0,7,0,1
C101921,starter,monthly,us,5,3,21.42,2.3,0,976,1,6,2,1
C101922,starter,annual,us,31,4,18.73,5.7,3,304,0,10,2,0
C101923,starter,monthly,eu,22,2,20.68,4.0,1,337,0,10,0,0
C101924,starter,monthly,eu,11,1,19.72,2.8,0,451,0,10,1,0
C101925,starter,monthly,apac,9,4,22.04,8.3,2,268,0,4,0,1
C101926,starter,annual,us,34,3,18.21,16.7,2,376,1,8,2,0
C101927,growth,annual,eu,8,16,61.78,12.1,5,5005,0,8,0,0
C101928,starter,annual,us,4,5,19.2,9.0,1,1955,0,6,3,1
C101929,starter,monthly,us,36,5,22.59,5.4,3,718,0,8,2,0
C101930,growth,annual,eu,36,16,61.78,71.8,10,8642,1,4,0,0
C101931,growth,monthly,us,8,10,67.39,12.8,5,5290,2,10,0,0
C101932,growth,monthly,us,55,13,70.19,19.2,5,580,1,4,2,0
C101933,growth,monthly,eu,13,24,78.36,92.2,11,23278,1,8,0,0
C101934,growth,monthly,apac,8,19,74.95,89.0,10,12085,4,9,2,1
C101935,starter,monthly,eu,21,3,21.42,17.9,3,855,1,6,1,0
C101936,starter,monthly,eu,4,2,20.68,1.5,1,433,2,10,2,1
C101937,growth,monthly,eu,6,24,78.36,62.0,13,10846,1,4,1,0
C101938,starter,annual,us,18,3,18.21,7.7,2,1148,1,7,2,0
C101939,starter,annual,us,16,5,19.2,9.6,2,901,0,4,2,0
C101940,starter,annual,apac,28,6,19.62,12.4,2,5815,0,6,1,0
C101941,starter,monthly,eu,5,3,21.42,15.7,2,107,1,6,4,0
C101942,starter,monthly,us,49,6,23.08,24.4,2,753,3,6,0,0
C101943,starter,annual,us,10,4,18.73,15.4,3,1392,1,10,1,0
C101944,growth,monthly,eu,15,20,75.66,42.8,8,4246,0,5,2,1
C101945,enterprise,monthly,eu,10,26,241.9,234.3,6,10830,2,4,5,0
C101946,starter,monthly,us,4,2,20.68,3.5,1,140,2,6,0,1
C101947,enterprise,annual,eu,14,50,237.8,29.4,18,8788,3,8,4,0
C101948,starter,monthly,us,24,3,21.42,5.3,2,1999,0,8,2,0
C101949,enterprise,annual,us,12,84,271.98,158.5,26,4831,1,10,4,0
C101950,enterprise,monthly,eu,7,86,322.05,387.9,33,15278,1,3,2,1
C101951,starter,monthly,apac,28,4,22.04,5.7,2,577,1,10,3,0
C101952,growth,monthly,us,29,12,69.29,31.9,7,3731,3,6,2,0
C101953,enterprise,monthly,us,12,113,348.1,72.7,41,35483,0,7,4,0
C101954,enterprise,monthly,us,19,197,413.48,758.1,75,47352,0,7,3,0
C101955,enterprise,annual,us,28,67,255.98,127.6,19,11394,0,3,0,0
C101956,growth,monthly,us,23,12,69.29,18.6,9,2848,0,6,0,0
C101957,starter,monthly,eu,18,2,20.68,20.5,4,423,1,9,0,1
C101958,growth,annual,eu,23,18,63.08,70.6,8,3895,1,9,1,0
C101959,growth,monthly,eu,20,13,70.19,11.8,3,10799,1,6,2,0
C101960,growth,monthly,us,15,7,64.12,12.6,9,539,1,8,4,0
C101961,starter,monthly,us,5,1,19.72,19.0,0,367,1,8,1,0
C101962,growth,monthly,eu,6,29,81.43,212.6,9,2754,3,7,2,0
C101963,starter,monthly,apac,20,7,23.54,25.9,4,9237,0,8,4,0
C101964,growth,annual,eu,10,40,74.27,20.0,18,9589,1,6,2,0
C101965,starter,monthly,eu,20,4,22.04,20.8,3,297,0,5,0,1
C101966,growth,annual,eu,5,10,57.28,12.2,2,1826,1,7,0,0
C101967,growth,monthly,us,8,14,71.05,66.2,9,842,0,2,1,0
C101968,starter,annual,eu,12,1,16.76,1.7,3,153,0,9,0,0
C101969,growth,annual,us,1,8,55.48,21.7,6,3150,5,8,4,1
C101970,starter,monthly,us,7,4,22.04,5.2,5,3166,0,7,3,0
C101971,enterprise,monthly,eu,8,104,339.8,145.9,34,60647,1,9,6,0
C101972,growth,monthly,apac,16,47,90.73,132.3,16,9454,0,8,5,0
C101973,starter,annual,eu,12,3,18.21,2.5,4,1186,1,10,0,0
C101974,starter,annual,us,17,2,17.58,24.2,3,1014,1,10,3,0
C101975,starter,monthly,eu,15,3,21.42,3.1,1,5378,3,8,4,1
C101976,starter,annual,us,11,3,18.21,3.0,3,412,1,6,3,0
C101977,enterprise,monthly,us,8,62,295.18,174.4,17,53256,2,9,2,0
C101978,growth,monthly,eu,15,21,76.36,95.8,15,1748,2,6,1,0
C101979,starter,annual,eu,34,2,17.58,3.7,1,1417,0,6,2,0
C101980,enterprise,monthly,eu,8,85,321.02,72.7,37,10725,2,7,6,0
C101981,starter,monthly,eu,48,5,22.59,5.2,3,622,0,10,2,0
C101982,enterprise,annual,apac,16,162,330.12,142.3,51,27624,2,9,3,0
C101983,starter,monthly,us,27,4,22.04,10.2,2,463,2,9,1,0
C101984,growth,annual,us,19,30,69.71,52.4,14,9758,6,8,1,1
C101985,enterprise,monthly,apac,21,64,297.6,156.6,22,42614,1,9,2,0
C101986,starter,monthly,us,7,3,21.42,8.3,1,106,0,9,0,1
C101987,growth,monthly,us,10,35,84.79,114.0,15,6623,2,6,2,0
C101988,enterprise,annual,eu,3,40,225.62,54.8,15,3328,1,9,4,0
C101989,starter,monthly,eu,12,3,21.42,3.8,3,1603,2,7,1,0
C101990,starter,monthly,eu,22,7,23.54,15.2,0,5709,0,7,1,0
C101991,growth,annual,eu,12,16,61.78,28.7,5,3051,2,7,1,0
C101992,starter,annual,eu,28,3,18.21,7.6,3,377,2,6,2,0
C101993,starter,annual,eu,11,3,18.21,3.9,3,166,2,7,2,0
C101994,starter,monthly,eu,8,4,22.04,12.9,2,5373,2,7,3,1
C101995,growth,monthly,eu,9,30,82.02,24.1,5,21794,1,9,1,0
C101996,starter,monthly,eu,24,6,23.08,8.7,4,231,0,10,1,0
C101997,starter,annual,eu,41,4,18.73,18.1,2,1678,0,9,0,0
C101998,growth,annual,eu,51,31,70.2,25.7,16,2525,1,8,2,0
C101999,growth,annual,us,22,21,64.91,80.9,16,2955,4,3,2,1
C102000,growth,monthly,us,27,27,80.24,18.5,10,1947,3,10,4,0
C102001,starter,monthly,us,4,2,20.68,1.5,0,81,3,6,0,1
C102002,enterprise,monthly,eu,5,190,408.65,120.5,68,40168,2,6,4,1
C102003,growth,monthly,eu,7,20,75.66,40.2,11,24503,2,10,2,1
C102004,starter,monthly,eu,35,1,19.72,4.7,2,117,1,5,3,0
C102005,enterprise,monthly,eu,35,183,403.73,816.6,59,89908,2,8,8,0
C102006,starter,annual,eu,59,4,18.73,19.2,2,2389,1,6,0,1
C102007,starter,annual,apac,7,3,18.21,11.7,3,1359,2,7,1,1
C102008,starter,annual,eu,13,2,17.58,2.6,1,2955,1,8,4,0
C102009,growth,annual,eu,3,22,65.49,22.5,6,11552,2,5,1,1
C102010,starter,annual,us,4,2,17.58,8.0,1,2486,0,7,3,0
C102011,starter,annual,us,11,2,17.58,12.4,2,175,1,10,2,0
C102012,starter,monthly,eu,7,3,21.42,3.1,1,1389,1,7,0,0
C102013,starter,annual,eu,7,3,18.21,15.8,3,2766,0,10,3,0
C102014,starter,monthly,apac,9,3,21.42,1.7,2,354,0,8,0,0
C102015,growth,monthly,eu,38,27,80.24,65.2,11,260,0,5,0,0
C102016,starter,monthly,us,30,4,22.04,7.6,1,297,0,6,3,0
C102017,starter,annual,us,6,4,18.73,7.1,1,484,1,3,1,1
C102018,growth,annual,eu,30,24,66.61,45.2,9,8832,1,10,0,0
C102019,starter,annual,us,8,3,18.21,3.5,2,426,0,10,1,0
C102020,growth,annual,eu,4,10,57.28,26.0,4,2256,1,9,2,0
C102021,starter,annual,eu,9,9,20.71,17.9,1,1178,1,6,3,0
C102022,starter,monthly,eu,18,6,23.08,22.7,2,1220,1,6,1,0
C102023,starter,annual,apac,7,8,20.37,46.9,7,1705,0,9,3,0
C102024,starter,annual,eu,22,6,19.62,12.9,3,775,1,6,1,0
C102025,starter,annual,eu,9,3,18.21,3.6,5,1487,3,6,1,1
C102026,growth,monthly,apac,19,5,61.53,4.5,2,3983,1,5,1,1
C102027,starter,monthly,eu,6,2,20.68,15.1,2,174,0,10,0,0
C102028,growth,annual,apac,14,24,66.61,132.7,12,6481,0,6,1,0
C102029,growth,monthly,us,7,17,73.46,58.8,14,1047,1,9,2,0
C102030,starter,monthly,us,12,3,21.42,6.7,2,147,1,9,0,0
C102031,growth,monthly,us,48,5,61.53,17.7,2,2923,1,6,1,1
C102032,starter,monthly,us,10,3,21.42,15.9,1,4324,1,7,0,0
C102033,starter,monthly,eu,5,2,20.68,3.0,2,365,0,5,1,1
C102034,starter,annual,apac,15,2,17.58,4.7,0,2551,2,10,1,0
C102035,growth,annual,apac,15,27,68.2,22.9,10,3342,3,5,1,1
C102036,enterprise,annual,apac,15,47,234.28,78.2,18,8413,0,8,3,0
C102037,starter,monthly,us,21,2,20.68,13.6,0,2198,1,6,1,0
C102038,growth,monthly,us,10,19,74.95,74.9,8,1860,0,5,3,0
C102039,growth,monthly,us,23,27,80.24,54.5,12,13669,1,10,0,0
C102040,starter,monthly,eu,14,3,21.42,1.0,2,519,0,6,2,0
C102041,growth,monthly,us,4,37,85.84,42.7,16,4281,0,4,0,1
C102042,growth,annual,us,25,9,56.41,18.5,4,1284,2,8,3,0
C102043,enterprise,annual,us,16,38,223.0,59.7,11,1195,3,6,2,0
C102044,enterprise,monthly,eu,22,37,260.79,69.2,9,25480,3,8,1,0
C102045,starter,monthly,us,5,1,19.72,3.3,1,331,1,9,3,0
C102046,starter,monthly,us,26,4,22.04,5.6,4,814,1,8,3,1
C102047,growth,monthly,eu,57,11,68.36,20.7,6,1324,3,9,2,0
C102048,starter,monthly,apac,4,1,19.72,2.5,2,357,2,5,3,1
C102049,starter,monthly,us,28,4,22.04,5.0,2,2060,2,10,0,0
C102050,enterprise,monthly,eu,16,120,354.33,790.2,53,20659,1,7,7,0
C102051,starter,monthly,eu,14,6,23.08,8.5,1,3261,0,4,4,1
C102052,starter,annual,us,26,6,19.62,2.4,4,1755,1,2,0,1
C102053,growth,monthly,eu,24,11,68.36,72.5,5,2271,0,7,1,0
C102054,starter,monthly,us,33,4,22.04,4.5,2,2114,1,6,3,0
C102055,starter,monthly,eu,5,5,22.59,18.8,0,728,0,6,2,0
C102056,enterprise,monthly,eu,34,63,296.4,71.0,20,4510,1,8,2,0
C102057,starter,monthly,eu,19,4,22.04,12.2,3,887,0,10,2,0
C102058,starter,annual,us,3,2,17.58,4.4,3,506,0,6,2,1
C102059,starter,annual,apac,10,2,17.58,9.3,3,401,1,8,1,0
C102060,enterprise,annual,apac,16,96,282.3,149.7,34,61774,3,6,3,0
C102061,starter,monthly,us,10,8,23.96,9.7,3,2840,1,5,3,1
C102062,growth,monthly,us,13,32,83.15,70.2,11,6393,3,5,1,1
C102063,starter,monthly,eu,9,5,22.59,7.7,2,1144,1,10,0,0
C102064,starter,monthly,us,72,4,22.04,2.1,0,1000,0,7,2,0
C102065,enterprise,annual,apac,23,77,265.61,91.6,24,27278,1,7,6,0
C102066,growth,monthly,eu,15,8,65.28,114.7,3,1898,3,6,2,1
C102067,enterprise,monthly,apac,6,52,282.45,26.4,16,9999,1,8,4,0
C102068,starter,monthly,eu,33,2,20.68,5.4,5,147,1,6,0,0
C102069,growth,monthly,eu,21,23,77.71,35.8,8,2698,1,10,3,0
C102070,enterprise,annual,us,6,128,307.04,836.8,48,36197,2,8,7,0
C102071,starter,monthly,apac,6,5,22.59,4.6,2,1362,1,8,0,0
C102072,starter,monthly,eu,13,7,23.54,14.6,3,418,2,8,2,1
C102073,enterprise,monthly,us,15,82,317.86,240.2,16,10909,2,10,4,0
C102074,starter,annual,eu,22,2,17.58,4.1,0,212,2,7,5,0
C102075,growth,monthly,us,14,17,73.46,18.5,10,12943,5,6,0,1
C102076,enterprise,annual,us,24,55,243.43,98.5,17,15231,1,8,4,0
C102077,starter,monthly,eu,10,5,22.59,8.1,2,1694,1,9,1,1
C102078,starter,monthly,us,14,3,21.42,5.1,1,669,1,10,1,0
C102079,starter,annual,us,34,3,18.21,12.3,4,404,0,8,2,0
C102080,starter,monthly,us,25,5,22.59,13.3,5,770,0,8,0,0
C102081,starter,monthly,eu,14,2,20.68,6.8,1,763,0,9,4,0
C102082,growth,monthly,eu,18,29,81.43,67.0,9,5088,0,2,1,0
C102083,starter,monthly,apac,14,2,20.68,9.0,1,771,0,8,1,0
C102084,growth,monthly,us,4,20,75.66,92.2,5,5061,2,6,1,1
C102085,starter,annual,us,42,3,18.21,5.2,0,926,0,8,0,0
C102086,starter,monthly,us,7,6,23.08,20.9,1,1871,0,8,5,0
C102087,starter,monthly,us,11,2,20.68,1.9,3,305,2,10,4,0
C102088,growth,monthly,eu,68,8,65.28,3.2,9,1368,0,4,2,0
C102089,starter,annual,us,6,5,19.2,35.9,2,2606,0,6,0,0
C102090,starter,monthly,us,13,3,21.42,5.1,2,3674,1,6,2,1
C102091,enterprise,monthly,eu,36,76,311.38,164.4,31,38313,1,6,5,0
C102092,growth,monthly,eu,49,12,69.29,9.6,4,219,2,5,5,1
C102093,starter,monthly,us,21,6,23.08,4.8,3,693,0,10,1,0
C102094,enterprise,annual,apac,34,92,278.94,101.1,31,22497,3,9,4,0
C102095,starter,monthly,us,12,4,22.04,12.9,2,346,1,6,2,1
C102096,starter,monthly,eu,1,2,20.68,3.2,2,175,2,7,1,1
C102097,starter,monthly,apac,32,5,22.59,7.9,2,789,3,6,4,0
C102098,starter,annual,eu,14,2,17.58,2.7,2,669,1,8,0,0
C102099,starter,monthly,eu,11,2,20.68,10.4,3,854,0,6,1,0
C102100,growth,monthly,apac,10,9,66.36,31.6,3,1459,1,4,0,1
C102101,starter,monthly,us,23,3,21.42,4.6,4,476,0,6,3,0
C102102,growth,annual,apac,23,30,69.71,88.8,11,3112,1,10,1,0
C102103,enterprise,annual,us,14,89,276.36,135.8,27,30983,2,4,5,1
C102104,growth,monthly,us,20,14,71.05,20.7,9,4650,2,10,2,0
C102105,growth,annual,eu,6,19,63.71,34.0,9,9569,1,9,1,0
C102106,growth,annual,eu,12,18,63.08,52.4,10,4507,1,7,0,0
C102107,enterprise,monthly,apac,6,82,317.86,79.6,30,5558,2,9,2,1
C102108,starter,monthly,apac,6,4,22.04,11.7,2,679,1,8,0,1
C102109,starter,monthly,eu,18,2,20.68,26.4,1,1060,2,3,2,0
C102110,growth,monthly,eu,15,18,74.21,38.0,2,841,1,7,1,1
C102111,growth,monthly,eu,10,7,64.12,13.9,1,1473,0,7,2,0
C102112,starter,monthly,eu,12,5,22.59,9.4,1,1486,0,10,2,0
C102113,growth,annual,apac,20,10,57.28,26.6,6,13657,1,7,2,0
C102114,starter,monthly,eu,24,7,23.54,4.4,2,926,0,7,0,0
C102115,enterprise,annual,eu,21,23,200.67,139.5,7,4580,2,5,0,0
C102116,starter,monthly,apac,3,9,24.36,34.2,2,9271,1,7,0,0
C102117,starter,monthly,us,1,1,19.72,1.8,0,159,1,5,0,1
C102118,starter,annual,us,7,2,17.58,4.7,0,1289,2,10,0,1
C102119,starter,monthly,eu,1,4,22.04,5.6,4,1324,0,7,2,0
C102120,starter,monthly,eu,39,5,22.59,12.3,5,943,0,5,1,1
C102121,starter,monthly,eu,11,3,21.42,6.7,8,1066,1,10,2,0
C102122,starter,annual,eu,4,6,19.62,13.8,3,1200,1,5,2,1
C102123,starter,monthly,eu,11,2,20.68,2.2,3,3738,1,8,0,0
C102124,starter,monthly,eu,2,3,21.42,4.6,1,111,0,4,3,1
C102125,starter,monthly,eu,4,3,21.42,14.3,4,551,1,8,2,0
C102126,starter,monthly,eu,11,3,21.42,4.4,3,565,1,10,0,0
C102127,starter,monthly,apac,9,1,19.72,0.4,2,239,2,6,3,0
C102128,starter,monthly,eu,11,3,21.42,5.8,3,1877,0,5,1,1
C102129,starter,monthly,eu,20,3,21.42,34.6,3,475,0,5,1,0
C102130,starter,monthly,apac,28,6,23.08,21.4,2,2133,0,7,2,0
C102131,growth,annual,eu,16,9,56.41,11.4,3,2500,2,10,1,0
C102132,enterprise,annual,us,29,58,246.69,101.7,12,27245,5,10,3,0
C102133,enterprise,monthly,us,9,146,375.99,424.6,42,28434,0,10,3,0
C102134,growth,monthly,us,32,20,75.66,10.8,10,5947,1,5,1,0
C102135,growth,monthly,eu,16,23,77.71,23.3,10,4573,1,10,2,0
C102136,starter,annual,us,26,5,19.2,13.2,1,473,1,9,3,0
C102137,growth,monthly,us,10,22,77.04,124.0,14,20621,1,8,2,0
C102138,growth,monthly,eu,15,44,89.32,59.0,14,4900,0,6,1,0
C102139,growth,monthly,eu,53,18,74.21,100.0,10,2607,2,9,0,0
C102140,enterprise,monthly,eu,15,48,277.02,51.5,19,4907,0,6,3,0
C102141,starter,monthly,us,28,5,22.59,0.9,3,1651,0,9,0,0
C102142,growth,monthly,eu,30,13,70.19,41.1,5,1892,0,7,1,0
C102143,growth,annual,eu,22,17,62.44,46.1,7,14822,0,5,1,0
C102144,starter,monthly,us,25,4,22.04,13.7,3,1504,1,7,3,0
C102145,enterprise,annual,apac,10,53,241.21,157.0,22,9127,2,10,6,0
C102146,starter,annual,eu,7,3,18.21,7.3,4,313,0,5,0,1
C102147,enterprise,monthly,eu,6,101,336.96,152.5,33,20158,0,9,5,0
C102148,growth,annual,eu,19,13,59.66,20.9,6,4647,0,9,1,0
C102149,starter,annual,us,15,6,19.62,8.5,2,1315,0,7,4,0
C102150,growth,annual,us,18,10,57.28,14.4,2,1983,1,6,0,0
C102151,starter,annual,apac,5,2,17.58,1.3,1,196,0,5,0,1
C102152,growth,monthly,eu,8,46,90.26,35.8,17,76575,0,10,2,0
C102153,growth,monthly,eu,27,8,65.28,13.7,0,1510,1,5,2,0
C102154,growth,monthly,eu,17,17,73.46,6.6,13,1100,3,2,1,1
C102155,enterprise,monthly,eu,16,201,416.21,89.0,69,16823,3,8,2,0
C102156,starter,monthly,us,12,3,21.42,5.1,2,521,2,5,2,1
C102157,starter,monthly,us,8,7,23.54,12.4,2,9153,1,7,0,0
C102158,starter,monthly,eu,33,5,22.59,8.0,2,986,1,5,2,1
C102159,starter,annual,us,36,3,18.21,1.2,1,507,1,6,1,0
C102160,starter,annual,eu,15,3,18.21,19.0,2,1519,2,8,1,0
C102161,starter,monthly,us,13,1,19.72,1.0,1,617,0,8,0,0
C102162,starter,monthly,eu,38,3,21.42,3.6,4,1285,0,10,0,0
C102163,starter,monthly,us,8,4,22.04,3.4,0,1113,1,7,1,1
C102164,enterprise,annual,eu,10,89,276.36,400.2,31,7266,2,8,2,0
C102165,starter,annual,apac,26,13,21.9,32.8,10,1480,1,7,0,0
C102166,enterprise,monthly,apac,10,92,328.16,119.6,42,4847,2,9,3,0
C102167,starter,monthly,us,15,5,22.59,6.8,1,940,0,5,4,0
C102168,starter,monthly,apac,2,7,23.54,15.4,4,1085,0,6,0,1
C102169,growth,annual,eu,37,23,66.05,17.7,9,3176,2,7,1,1
C102170,starter,annual,us,25,3,18.21,8.4,5,913,0,5,1,1
C102171,starter,monthly,eu,31,3,21.42,4.4,2,393,1,10,0,0
C102172,growth,monthly,apac,7,15,71.88,40.3,7,2466,0,8,1,0
C102173,starter,monthly,eu,42,4,22.04,11.5,1,600,2,5,0,0
C102174,starter,monthly,eu,14,3,21.42,4.2,4,690,0,8,0,0
C102175,growth,annual,us,33,24,66.61,10.5,11,7400,2,10,1,0
C102176,starter,annual,eu,19,2,17.58,3.9,1,146,1,6,2,0
C102177,growth,monthly,us,26,19,74.95,12.8,7,6360,0,10,0,0
C102178,starter,monthly,eu,20,8,23.96,16.3,4,2296,2,8,2,0
C102179,enterprise,monthly,us,10,71,305.78,107.6,29,22840,1,8,5,0
C102180,growth,monthly,apac,3,45,89.8,54.3,22,11218,0,10,0,0
C102181,enterprise,monthly,us,35,86,322.05,62.9,26,26266,0,8,3,0
C102182,growth,annual,eu,1,17,62.44,72.5,8,2607,1,8,3,0
C102183,starter,annual,eu,28,4,18.73,6.0,0,1386,3,8,2,0
C102184,growth,monthly,eu,35,15,71.88,145.4,8,9385,0,4,0,0
C102185,starter,annual,eu,4,1,16.76,2.9,1,173,1,8,2,0
C102186,growth,annual,us,10,27,68.2,63.4,10,3963,1,8,3,0
C102187,growth,monthly,eu,4,53,93.41,99.1,18,20654,2,7,3,1
C102188,starter,annual,eu,9,5,19.2,12.7,2,698,3,2,0,1
C102189,enterprise,monthly,eu,31,104,339.8,404.4,25,12003,1,9,2,0
C102190,starter,annual,apac,26,3,18.21,13.9,0,1038,0,6,3,0
C102191,growth,monthly,eu,23,32,83.15,17.0,10,4813,1,5,0,1
C102192,growth,monthly,eu,10,17,73.46,57.5,3,11381,0,5,1,1
C102193,starter,monthly,us,1,4,22.04,11.6,1,611,0,3,3,1
C102194,growth,monthly,eu,5,8,65.28,15.8,2,866,3,8,0,1
C102195,growth,monthly,apac,12,13,70.19,80.9,7,2897,0,10,1,0
C102196,starter,annual,eu,6,4,18.73,28.0,4,1376,2,6,1,1
C102197,growth,monthly,us,28,28,80.84,96.8,9,8285,1,9,2,0
C102198,starter,monthly,us,43,6,23.08,8.1,5,2225,1,7,5,0
C102199,growth,annual,us,19,8,55.48,6.7,4,1100,1,8,1,0
C102200,starter,monthly,us,4,1,19.72,4.7,2,750,2,7,3,1
C102201,enterprise,monthly,us,36,107,342.61,501.4,38,5318,2,9,3,0
C102202,enterprise,monthly,eu,16,55,286.39,24.2,23,6017,3,5,1,1
C102203,starter,monthly,us,14,6,23.08,25.2,0,1418,1,8,2,1
C102204,starter,monthly,us,22,1,19.72,2.3,1,144,1,10,0,0
C102205,growth,annual,us,5,17,62.44,8.9,3,2868,0,9,2,0
C102206,growth,monthly,us,11,17,73.46,43.9,4,1567,0,8,0,0
C102207,starter,monthly,eu,14,5,22.59,18.9,1,954,1,8,3,0
C102208,starter,monthly,eu,18,2,20.68,3.6,2,743,1,7,1,0
C102209,starter,annual,eu,19,1,16.76,1.3,2,167,4,7,3,0
C102210,enterprise,monthly,eu,22,87,323.09,522.4,27,8700,0,4,3,0
C102211,starter,annual,eu,9,5,19.2,6.3,3,760,3,8,2,0
C102212,enterprise,monthly,eu,3,132,364.59,537.2,40,78561,2,10,8,0
C102213,starter,monthly,us,12,3,21.42,2.2,3,1903,0,8,1,1
C102214,enterprise,monthly,us,13,117,351.68,283.1,39,16772,1,7,4,0
C102215,starter,monthly,us,2,5,22.59,13.1,2,1817,0,9,0,1
C102216,starter,monthly,us,9,7,23.54,25.1,5,1564,0,3,1,1
C102217,enterprise,annual,eu,17,77,265.61,397.0,41,53961,2,6,7,0
C102218,enterprise,monthly,eu,10,33,254.3,34.2,11,8685,2,7,4,0
C102219,starter,monthly,us,16,3,21.42,9.2,2,592,0,4,2,1
C102220,starter,monthly,us,9,4,22.04,3.2,3,3925,0,8,1,1
C102221,starter,monthly,us,23,5,22.59,3.8,1,501,2,4,4,0
C102222,starter,monthly,us,6,1,19.72,1.9,0,360,2,9,1,1
C102223,starter,monthly,us,14,3,21.42,8.5,1,2428,1,8,0,0
C102224,enterprise,monthly,us,15,123,356.94,719.3,34,49375,1,7,4,0
C102225,starter,monthly,us,27,3,21.42,23.5,3,357,0,9,2,0
C102226,growth,monthly,us,11,15,71.88,21.8,8,1606,0,8,2,0
C102227,starter,monthly,eu,43,10,24.74,23.5,11,633,0,8,1,0
C102228,starter,monthly,eu,42,2,20.68,8.9,2,1861,0,8,2,0
C102229,growth,monthly,eu,7,33,83.71,103.2,16,2637,1,6,2,0
C102230,starter,annual,us,14,6,19.62,10.5,3,2604,0,10,1,0
C102231,growth,monthly,us,4,16,72.68,31.4,6,989,2,10,2,1
C102232,starter,annual,eu,21,3,18.21,5.9,0,7091,2,8,1,0
C102233,enterprise,monthly,eu,10,78,313.57,122.2,38,5093,3,8,4,0
C102234,growth,monthly,us,16,19,74.95,27.7,10,4395,2,9,0,0
C102235,enterprise,monthly,eu,12,59,291.48,98.6,19,38788,1,10,5,0
C102236,starter,monthly,us,72,3,21.42,4.8,3,377,0,10,1,0
C102237,starter,annual,eu,13,3,18.21,2.9,1,1179,0,6,2,0
C102238,starter,annual,eu,12,3,18.21,11.7,5,551,1,10,1,0
C102239,growth,monthly,eu,28,15,71.88,40.2,7,4751,1,7,3,0
C102240,starter,annual,eu,31,1,16.76,10.4,3,714,0,4,1,0
C102241,starter,monthly,eu,18,4,22.04,10.6,2,632,0,9,1,0
C102242,starter,monthly,eu,32,3,21.42,4.8,2,2731,1,10,3,0
C102243,starter,annual,eu,67,1,16.76,1.8,1,371,3,9,2,0
C102244,starter,monthly,eu,11,3,21.42,6.6,2,4101,0,7,0,1
C102245,starter,monthly,us,5,3,21.42,9.4,3,336,0,8,2,0
C102246,starter,annual,eu,19,7,20.01,11.5,2,892,0,9,1,0
C102247,growth,annual,eu,30,13,59.66,8.7,9,2361,4,9,0,0
C102248,starter,monthly,eu,41,5,22.59,6.0,3,386,1,10,1,0
C102249,starter,monthly,apac,22,7,23.54,13.8,0,3658,2,9,5,0
C102250,growth,annual,us,15,13,59.66,41.0,6,2718,3,6,0,0
C102251,growth,monthly,apac,8,17,73.46,11.2,7,1351,2,7,1,1
C102252,starter,monthly,apac,35,9,24.36,20.7,7,968,0,6,2,0
C102253,growth,monthly,eu,18,20,75.66,43.2,9,2034,0,8,1,0
C102254,enterprise,annual,us,3,96,282.3,126.7,30,48612,0,3,3,0
C102255,growth,annual,eu,53,14,60.39,17.4,7,4723,3,10,0,1
C102256,enterprise,annual,apac,5,112,295.11,121.0,45,21913,1,6,0,0
C102257,growth,monthly,eu,30,17,73.46,34.9,7,2728,0,6,3,0
C102258,starter,monthly,eu,17,1,19.72,6.2,2,218,3,8,1,1
C102259,starter,monthly,apac,3,3,21.42,14.8,1,3527,1,5,0,1
C102260,growth,annual,us,13,9,56.41,7.8,4,1645,1,7,2,0
C102261,enterprise,monthly,apac,11,84,319.97,133.5,26,40092,0,8,3,0
C102262,starter,monthly,eu,4,2,20.68,1.0,0,364,1,10,2,0
C102263,starter,annual,eu,21,5,19.2,10.8,4,5228,1,8,2,0
C102264,growth,monthly,eu,27,18,74.21,50.7,5,1338,2,7,1,0
C102265,starter,annual,eu,14,2,17.58,13.8,0,1013,0,5,1,0
C102266,growth,monthly,us,11,14,71.05,7.5,6,1580,1,10,1,0
C102267,growth,annual,eu,22,24,66.61,20.6,8,39069,1,8,1,0
C102268,growth,monthly,us,1,31,82.59,62.8,25,12868,0,8,2,0
C102269,enterprise,monthly,eu,10,50,279.76,29.3,11,2385,0,5,1,1
C102270,growth,monthly,us,11,10,67.39,21.4,5,973,1,9,2,0
C102271,growth,monthly,apac,15,47,90.73,132.4,17,19249,1,6,1,0
C102272,growth,monthly,us,3,17,73.46,12.9,5,6851,0,10,2,0
C102273,growth,monthly,eu,2,18,74.21,36.6,12,6777,3,8,2,1
C102274,enterprise,monthly,eu,6,55,286.39,42.8,16,13989,3,8,1,1
C102275,starter,annual,eu,20,4,18.73,21.5,1,698,1,5,0,1
C102276,growth,monthly,us,11,42,88.36,88.5,22,24705,1,7,0,1
C102277,starter,annual,us,6,4,18.73,5.2,1,427,2,7,1,1
C102278,enterprise,annual,eu,47,136,312.72,103.3,42,31446,2,8,7,0
C102279,growth,monthly,apac,11,18,74.21,43.9,7,2295,4,3,0,1
C102280,starter,annual,us,15,2,17.58,11.9,1,261,1,5,0,0
C102281,starter,monthly,us,34,2,20.68,2.7,0,324,0,6,0,1
C102282,starter,monthly,eu,16,2,20.68,3.4,3,253,1,8,2,0
C102283,growth,monthly,apac,22,20,75.66,21.9,11,7298,0,3,3,1
C102284,starter,annual,eu,7,7,20.01,40.4,7,421,1,10,1,0
C102285,starter,monthly,eu,15,4,22.04,2.2,2,1371,2,10,2,1
C102286,enterprise,monthly,apac,43,68,302.33,303.5,26,8481,1,5,4,0
C102287,growth,annual,apac,20,12,58.9,17.4,7,2765,0,10,0,1
C102288,starter,monthly,us,18,4,22.04,7.8,1,800,0,8,4,0
C102289,starter,annual,eu,12,2,17.58,3.6,1,313,0,7,1,0
C102290,enterprise,annual,eu,4,45,231.88,97.0,24,29648,3,9,4,0
C102291,growth,annual,us,32,28,68.72,30.8,12,4448,1,8,7,0
C102292,growth,annual,us,14,15,61.1,58.7,7,6310,0,8,2,0
C102293,starter,annual,eu,8,3,18.21,13.8,0,1353,1,5,2,0
C102294,starter,monthly,eu,4,3,21.42,3.2,3,556,0,6,2,1
C102295,starter,annual,us,18,5,19.2,16.0,1,371,4,8,0,1
C102296,growth,annual,us,5,19,63.71,27.4,9,1912,5,9,5,1
C102297,starter,annual,eu,32,2,17.58,4.8,3,1549,1,10,1,0
C102298,starter,monthly,us,9,2,20.68,13.4,3,763,2,6,2,1
C102299,growth,annual,apac,16,16,61.78,18.6,9,4045,2,8,3,0
C102300,enterprise,monthly,eu,19,93,329.16,322.1,29,12312,1,6,2,0
C102301,growth,monthly,us,18,17,73.46,43.5,11,18011,3,10,1,0
C102302,starter,monthly,us,27,3,21.42,5.6,2,325,0,7,3,1
C102303,starter,monthly,us,9,4,22.04,10.6,2,1055,1,6,3,1
C102304,starter,annual,apac,15,3,18.21,7.6,1,1115,0,8,6,0
C102305,starter,monthly,us,22,2,20.68,2.0,2,151,1,4,3,1
C102306,growth,annual,us,41,31,70.2,37.1,11,3471,3,9,1,0
C102307,starter,annual,eu,26,3,18.21,3.1,2,470,1,7,3,0
C102308,growth,monthly,us,30,19,74.95,29.0,8,9188,3,10,1,0
C102309,enterprise,annual,eu,11,28,208.76,131.8,10,4188,3,6,3,0
C102310,enterprise,monthly,eu,20,71,305.78,193.4,32,4302,2,7,5,0
C102311,starter,annual,us,37,2,17.58,1.7,2,123,1,10,0,0
C102312,starter,annual,us,14,2,17.58,3.8,3,246,1,9,3,0
C102313,starter,monthly,apac,20,13,25.76,28.7,6,761,1,10,4,0
C102314,starter,annual,us,3,4,18.73,13.8,3,1857,1,7,2,0
C102315,starter,monthly,us,24,7,23.54,8.6,4,3290,0,5,1,0
C102316,starter,monthly,eu,17,6,23.08,5.0,5,1379,1,10,2,0
C102317,growth,annual,us,23,29,69.22,51.1,10,5074,2,8,1,0
C102318,starter,monthly,apac,12,3,21.42,9.5,3,1384,1,8,3,0
C102319,enterprise,monthly,eu,2,178,400.16,378.8,58,73633,0,9,2,0
C102320,starter,monthly,us,25,6,23.08,6.4,6,564,2,5,0,1
C102321,starter,monthly,us,8,4,22.04,28.0,2,433,0,6,0,0
C102322,starter,annual,eu,3,4,18.73,7.7,0,1756,2,5,1,1
C102323,starter,monthly,us,17,3,21.42,7.3,2,906,1,8,0,0
C102324,starter,monthly,eu,44,4,22.04,5.2,3,1608,0,5,4,1
C102325,enterprise,monthly,eu,7,78,313.57,306.8,23,7698,0,9,5,0
C102326,starter,annual,eu,8,4,18.73,12.2,0,473,1,10,0,0
C102327,starter,monthly,eu,26,9,24.36,21.4,3,3082,1,10,3,0
C102328,growth,monthly,eu,12,9,66.36,7.7,3,1099,0,8,2,0
C102329,starter,monthly,apac,25,7,23.54,29.3,0,405,1,8,0,0
C102330,growth,monthly,eu,12,14,71.05,44.5,3,1718,2,7,4,0
C102331,starter,annual,us,10,7,20.01,27.7,9,1322,2,8,1,0
C102332,growth,monthly,us,7,15,71.88,28.7,4,15490,2,7,1,0
C102333,starter,monthly,eu,19,4,22.04,7.8,2,437,2,3,1,1
C102334,starter,annual,eu,7,3,18.21,5.6,1,672,0,6,1,0
C102335,growth,monthly,apac,10,7,64.12,67.0,2,9998,3,9,3,0
C102336,enterprise,monthly,us,32,190,408.65,234.6,67,15643,1,5,4,0
C102337,starter,monthly,apac,57,2,20.68,2.0,3,888,3,5,2,1
C102338,growth,monthly,eu,20,18,74.21,25.7,9,2115,1,7,3,0
C102339,starter,annual,us,33,2,17.58,3.2,2,703,1,3,2,1
C102340,starter,annual,us,11,2,17.58,11.1,2,4006,1,9,0,0
C102341,starter,annual,apac,12,3,18.21,2.5,2,1448,2,9,1,0
C102342,growth,annual,eu,17,13,59.66,16.5,3,3336,1,9,0,0
C102343,starter,monthly,apac,8,2,20.68,5.3,0,208,2,8,2,1
C102344,growth,monthly,eu,10,17,73.46,76.8,4,3236,1,6,3,0
C102345,starter,annual,us,24,1,16.76,4.6,1,162,2,5,1,1
C102346,enterprise,annual,us,15,85,272.86,478.3,31,5082,1,9,2,0
C102347,growth,annual,us,13,16,61.78,38.0,7,525,3,9,3,0
C102348,starter,monthly,eu,13,1,19.72,2.4,0,128,0,5,1,1
C102349,starter,annual,us,6,3,18.21,11.6,1,690,1,5,3,0
C102350,starter,annual,eu,17,5,19.2,3.8,5,3149,2,7,3,0
C102351,enterprise,annual,us,8,47,234.28,25.9,15,5347,1,8,8,0
C102352,starter,annual,us,3,5,19.2,19.8,3,1366,2,9,3,1
C102353,growth,monthly,us,5,22,77.04,47.0,10,1058,1,9,1,0
C102354,starter,monthly,us,13,2,20.68,9.0,1,238,0,7,1,0
C102355,growth,monthly,us,23,17,73.46,17.4,8,419,0,10,0,0
C102356,starter,monthly,us,27,6,23.08,29.0,4,10232,1,7,1,0
C102357,growth,annual,us,4,11,58.11,33.3,6,2952,1,7,2,0
C102358,enterprise,monthly,us,21,72,306.92,127.8,17,18457,2,9,2,0
C102359,starter,monthly,us,46,7,23.54,15.7,4,2574,0,9,2,0
C102360,growth,monthly,us,28,11,68.36,26.5,4,24127,2,9,3,0
C102361,starter,annual,us,16,5,19.2,5.5,0,777,1,7,1,0
C102362,starter,monthly,eu,17,2,20.68,3.5,1,203,1,8,3,0
C102363,enterprise,monthly,us,16,73,308.04,166.9,29,97476,2,6,5,0
C102364,growth,annual,eu,10,22,65.49,30.1,15,1615,0,9,2,0
C102365,growth,monthly,eu,29,5,61.53,3.6,2,3699,0,6,0,0
C102366,starter,monthly,us,6,3,21.42,7.9,4,664,3,3,4,1
C102367,starter,monthly,eu,17,4,22.04,14.7,1,1374,0,6,3,0
C102368,starter,monthly,us,3,4,22.04,17.3,2,255,0,6,0,0
C102369,growth,annual,apac,31,13,59.66,35.4,2,30035,1,2,0,1
C102370,starter,annual,eu,16,2,17.58,8.2,3,347,0,6,0,1
C102371,starter,monthly,eu,4,5,22.59,20.0,1,612,0,9,1,0
C102372,starter,annual,eu,38,3,18.21,6.8,3,1163,2,8,1,0
C102373,starter,annual,eu,14,5,19.2,2.3,3,644,3,8,3,0
C102374,starter,monthly,us,5,4,22.04,18.5,4,1363,2,10,2,1
C102375,starter,monthly,us,49,3,21.42,3.4,1,228,2,6,2,0
C102376,enterprise,monthly,us,12,136,367.91,111.4,45,34166,0,5,5,1
C102377,growth,annual,eu,7,13,59.66,11.3,5,1691,0,8,0,1
C102378,starter,monthly,us,17,7,23.54,77.4,5,786,2,8,1,1
C102379,growth,monthly,eu,5,34,84.25,84.7,13,3227,0,5,2,1
C102380,growth,annual,us,10,30,69.71,26.5,8,14760,3,7,4,0
C102381,starter,annual,us,35,3,18.21,4.0,3,518,1,9,1,0
C102382,starter,annual,eu,12,14,22.17,26.2,7,2653,1,8,3,0
C102383,starter,annual,us,20,4,18.73,12.0,0,1366,1,9,2,0
C102384,starter,monthly,us,36,4,22.04,10.0,2,2595,3,6,3,0
C102385,growth,annual,eu,12,17,62.44,16.5,5,1651,1,4,2,0
C102386,enterprise,monthly,us,7,45,272.8,102.4,21,12136,1,5,3,0
C102387,starter,monthly,us,23,7,23.54,8.9,3,701,3,9,1,0
C102388,growth,annual,eu,4,13,59.66,50.8,5,2412,1,10,1,0
C102389,starter,monthly,eu,6,6,23.08,12.3,0,3573,1,7,3,0
C102390,growth,monthly,us,4,32,83.15,34.4,13,858,1,10,1,0
C102391,growth,annual,apac,34,24,66.61,71.6,9,2323,4,7,0,0
C102392,starter,monthly,us,15,2,20.68,6.0,1,398,2,6,4,0
C102393,starter,monthly,us,24,3,21.42,4.6,1,1000,0,4,0,1
C102394,growth,monthly,us,7,4,60.04,13.7,2,2788,2,7,1,0
C102395,enterprise,annual,eu,20,75,263.74,211.2,27,3592,2,10,2,0
C102396,starter,annual,eu,20,5,19.2,23.2,3,4111,0,10,2,0
C102397,starter,monthly,eu,49,3,21.42,10.5,0,1135,2,10,4,0
C102398,starter,monthly,apac,22,2,20.68,4.0,4,395,1,8,1,1
C102399,growth,annual,us,27,15,61.1,8.6,5,893,0,10,0,0
C102400,growth,monthly,apac,16,33,83.71,68.8,7,4367,0,5,3,0
C102401,growth,monthly,eu,1,17,73.46,40.1,3,9536,1,10,1,0
C102402,growth,monthly,us,18,45,89.8,85.0,26,10189,1,8,0,0
C102403,enterprise,monthly,us,13,60,292.72,13.2,17,11260,1,8,2,0
C102404,growth,monthly,eu,12,20,75.66,59.5,10,1856,3,4,3,1
C102405,starter,annual,eu,10,3,18.21,3.4,1,1375,0,8,1,1
C102406,growth,annual,us,12,50,78.28,147.1,16,9657,1,10,2,0
C102407,starter,monthly,us,8,4,22.04,27.0,4,752,1,3,2,1
C102408,starter,annual,us,25,11,21.33,17.4,3,2267,1,9,3,0
C102409,enterprise,monthly,eu,6,64,297.6,157.9,31,7906,1,3,6,0
C102410,growth,monthly,us,44,38,86.36,71.0,14,4038,0,4,2,1
C102411,enterprise,annual,eu,24,84,271.98,219.9,28,4720,0,7,5,0
C102412,starter,monthly,eu,30,6,23.08,12.7,1,784,1,10,3,0
C102413,growth,annual,us,6,9,56.41,12.0,4,402,1,7,5,0
C102414,starter,monthly,eu,9,4,22.04,4.4,7,1440,1,8,1,1
C102415,starter,monthly,apac,16,2,20.68,14.0,3,269,1,5,1,1
C102416,starter,monthly,us,15,4,22.04,11.1,2,653,2,7,2,0
C102417,growth,monthly,eu,24,8,65.28,27.5,6,1751,0,7,1,0
C102418,starter,annual,eu,15,3,18.21,8.5,3,345,0,10,0,0
C102419,enterprise,annual,us,46,138,314.12,493.8,51,10562,5,6,5,0
C102420,starter,monthly,eu,6,5,22.59,5.3,2,1404,2,6,1,1
C102421,starter,monthly,eu,5,2,20.68,4.9,2,2683,2,10,0,1
C102422,growth,annual,eu,9,6,53.45,16.8,5,3108,1,7,1,0
C102423,starter,annual,eu,12,5,19.2,24.7,1,3639,0,8,3,0
C102424,enterprise,monthly,us,32,176,398.72,2064.4,62,12050,1,8,4,0
C102425,growth,monthly,us,19,11,68.36,27.7,8,2079,0,6,2,0
C102426,starter,monthly,eu,1,11,25.09,13.1,5,2067,0,3,3,1
C102427,growth,monthly,us,1,17,73.46,13.7,7,13708,0,10,3,0
C102428,growth,monthly,eu,13,6,62.88,6.3,7,3127,2,8,3,0
C102429,growth,monthly,us,10,8,65.28,9.0,0,1561,2,5,2,1
C102430,growth,monthly,eu,14,26,79.63,6.3,11,736,2,9,3,0
C102431,growth,monthly,us,12,19,74.95,21.9,7,1491,1,10,1,0
C102432,growth,monthly,eu,42,37,85.84,111.6,15,14477,3,10,2,0
C102433,starter,annual,us,29,2,17.58,4.8,0,367,2,10,1,0
C102434,growth,monthly,eu,9,19,74.95,29.4,7,3831,0,5,0,1
C102435,enterprise,monthly,apac,15,80,315.73,46.6,29,30661,2,8,3,1
C102436,growth,monthly,eu,11,16,72.68,62.2,5,9887,0,8,2,0
C102437,growth,monthly,apac,2,14,71.05,37.5,7,1553,1,7,0,0
C102438,starter,annual,apac,10,3,18.21,6.3,1,1209,1,7,2,0
C102439,growth,monthly,eu,10,19,74.95,7.5,5,18038,2,1,2,1
C102440,enterprise,monthly,eu,8,93,329.16,119.4,35,74150,0,10,5,0
C102441,starter,annual,eu,10,4,18.73,11.1,4,577,0,4,1,1
C102442,starter,annual,apac,12,7,20.01,13.3,6,2073,0,9,0,0
C102443,growth,annual,us,20,9,56.41,19.7,3,3990,0,7,4,0
C102444,starter,monthly,us,9,1,19.72,4.5,1,275,1,7,2,0
C102445,growth,monthly,eu,35,29,81.43,59.3,14,5138,2,7,2,0
C102446,starter,annual,us,6,2,17.58,7.2,1,103,2,8,0,0
C102447,starter,monthly,eu,31,3,21.42,3.5,1,326,2,9,0,0
C102448,growth,annual,eu,18,13,59.66,10.4,2,1556,1,9,0,0
C102449,growth,annual,eu,5,13,59.66,34.1,4,935,2,7,3,1
C102450,growth,monthly,us,11,8,65.28,24.8,2,1997,1,5,1,1
C102451,growth,monthly,apac,43,13,70.19,35.1,6,6347,2,5,4,0
C102452,growth,monthly,us,7,24,78.36,48.5,13,3655,0,10,1,0
C102453,growth,monthly,eu,43,17,73.46,25.2,5,522,0,7,0,0
C102454,growth,annual,eu,21,23,66.05,49.1,6,4594,1,5,1,0
C102455,growth,annual,us,18,14,60.39,34.2,5,4005,0,6,1,0
C102456,growth,monthly,us,20,28,80.84,69.9,6,7477,0,7,4,0
C102457,starter,annual,eu,11,3,18.21,39.7,2,371,1,5,1,0
C102458,starter,monthly,eu,7,1,19.72,1.5,2,91,0,7,3,0
C102459,growth,annual,us,15,21,64.91,371.2,10,10370,1,10,1,0
C102460,enterprise,monthly,apac,19,117,351.68,87.8,36,35394,0,7,3,0
C102461,growth,annual,us,22,13,59.66,32.0,6,1576,1,4,4,0
C102462,starter,annual,eu,21,7,20.01,5.9,2,412,1,9,2,0
C102463,growth,monthly,us,25,11,68.36,25.8,9,3018,1,10,2,0
C102464,starter,monthly,eu,55,5,22.59,19.9,2,513,1,10,2,0
C102465,growth,annual,apac,18,43,75.52,80.2,14,13420,0,8,5,1
C102466,growth,monthly,eu,34,18,74.21,66.0,9,4622,1,10,2,0
C102467,growth,annual,eu,22,16,61.78,22.2,5,23145,0,9,1,0
C102468,growth,annual,us,59,17,62.44,7.5,9,3533,1,10,1,0
C102469,starter,annual,eu,16,9,20.71,26.7,4,12289,1,10,1,0
C102470,starter,monthly,eu,15,4,22.04,8.4,3,1001,1,10,1,0
C102471,enterprise,monthly,us,32,233,437.08,300.5,84,28153,0,6,2,0
C102472,growth,annual,us,33,20,64.31,27.8,12,1721,1,5,2,0
C102473,growth,monthly,us,12,12,69.29,30.0,6,1222,0,8,0,0
C102474,starter,monthly,eu,22,2,20.68,2.6,3,721,1,7,1,1
C102475,starter,monthly,eu,25,4,22.04,10.7,0,1045,1,6,2,0
C102476,starter,annual,us,24,1,16.76,6.4,0,52,2,7,1,0
C102477,starter,monthly,eu,20,3,21.42,27.1,3,1778,1,7,2,0
C102478,starter,monthly,eu,3,3,21.42,17.1,1,2682,1,6,2,0
C102479,enterprise,monthly,apac,24,90,326.15,182.5,41,3760,1,9,3,0
C102480,growth,annual,apac,25,47,77.12,102.5,20,25833,0,6,1,0
C102481,starter,monthly,eu,21,4,22.04,6.2,2,4230,1,7,2,0
C102482,starter,annual,us,11,1,16.76,2.0,0,54,0,5,3,0
C102483,starter,annual,us,40,2,17.58,8.5,1,322,0,8,1,0
C102484,growth,annual,eu,7,20,64.31,29.8,9,2072,3,8,2,1
C102485,starter,annual,us,33,4,18.73,10.6,2,2234,0,5,1,0
C102486,growth,monthly,eu,7,40,87.37,37.2,20,6093,1,8,0,0
C102487,growth,annual,eu,30,29,69.22,138.8,15,4271,0,7,2,0
C102488,starter,monthly,apac,7,6,23.08,9.4,5,2002,0,6,1,1
C102489,growth,annual,us,29,16,61.78,63.8,8,14530,2,6,1,0
C102490,enterprise,monthly,eu,46,138,369.55,152.4,48,28769,2,8,3,0
C102491,starter,annual,us,46,2,17.58,2.7,2,321,1,7,0,0
C102492,starter,annual,apac,39,6,19.62,29.9,4,1061,2,9,2,0
C102493,enterprise,monthly,eu,16,69,303.49,80.8,19,27539,3,5,4,1
C102494,enterprise,annual,apac,9,38,223.0,23.2,14,2537,1,7,2,0
C102495,growth,monthly,apac,14,24,78.36,21.3,10,5252,1,6,3,0
C102496,growth,monthly,eu,31,36,85.32,119.9,8,3427,2,8,2,0
C102497,starter,monthly,us,24,3,21.42,10.9,1,240,0,8,2,0
C102498,growth,monthly,us,62,39,86.87,41.8,13,1499,0,5,1,0
C102499,starter,monthly,us,10,1,19.72,1.8,2,170,3,9,1,0
C102500,starter,annual,eu,48,2,17.58,7.4,2,1294,1,10,0,0
C102501,growth,monthly,eu,15,16,72.68,74.9,6,599,2,8,2,0
C102502,enterprise,monthly,eu,7,66,299.98,114.2,24,23746,2,6,4,0
C102503,growth,annual,us,19,12,58.9,33.3,5,1500,1,7,0,0
C102504,starter,annual,us,24,4,18.73,15.1,1,357,1,7,0,0
C102505,starter,monthly,us,37,3,21.42,28.9,1,968,1,6,1,1
C102506,enterprise,annual,us,10,66,254.98,53.3,24,47393,2,9,4,0
C102507,enterprise,monthly,eu,19,91,327.16,103.2,31,77279,0,4,7,0
C102508,growth,monthly,eu,16,12,69.29,15.9,9,3472,3,8,1,1
C102509,growth,monthly,us,12,17,73.46,56.4,6,3558,2,10,2,0
C102510,starter,annual,us,45,2,17.58,3.9,3,697,0,10,2,0
C102511,starter,monthly,us,24,2,20.68,5.7,0,4554,1,10,2,0
C102512,starter,monthly,eu,2,5,22.59,10.9,3,884,0,6,1,0
C102513,starter,annual,eu,20,9,20.71,17.2,7,5638,2,10,2,0
C102514,starter,monthly,apac,3,6,23.08,12.7,3,804,1,8,2,0
C102515,growth,monthly,eu,18,21,76.36,79.8,7,2211,1,10,0,0
C102516,starter,annual,eu,4,2,17.58,2.3,0,2408,1,10,0,1
C102517,starter,annual,us,24,3,18.21,5.8,0,712,0,8,2,0
C102518,growth,monthly,us,3,30,82.02,23.5,11,8139,0,7,4,0
C102519,starter,monthly,apac,7,1,19.72,3.3,2,442,1,10,2,0
C102520,starter,annual,apac,28,3,18.21,5.6,3,318,1,4,2,1
C102521,growth,monthly,us,16,25,79.0,97.2,8,3741,0,7,2,0
C102522,starter,monthly,eu,5,2,20.68,4.6,1,275,2,4,3,1
C102523,growth,monthly,us,43,22,77.04,29.8,7,6594,0,8,2,0
C102524,enterprise,monthly,apac,11,96,332.12,146.2,38,29446,1,8,2,0
C102525,starter,annual,eu,13,1,16.76,9.4,4,157,1,6,0,1
C102526,enterprise,monthly,apac,14,83,318.92,50.1,27,113572,3,6,1,1
C102527,enterprise,monthly,us,25,58,290.22,67.9,25,12498,0,5,2,1
C102528,growth,monthly,eu,12,22,77.04,41.6,2,5364,0,8,1,0
C102529,growth,monthly,us,14,25,79.0,29.5,5,18596,3,6,3,1
C102530,growth,monthly,us,34,21,76.36,54.7,6,2125,2,8,2,0
C102531,growth,annual,eu,32,18,63.08,32.1,9,2509,0,6,0,0
C102532,growth,annual,eu,14,20,64.31,44.3,3,5754,2,8,1,0
C102533,starter,monthly,us,14,2,20.68,5.0,3,130,0,9,4,0
C102534,enterprise,monthly,eu,1,78,313.57,131.6,32,13899,1,8,4,0
C102535,growth,monthly,eu,18,12,69.29,9.2,4,17036,0,8,4,0
C102536,growth,monthly,us,29,30,82.02,62.2,10,34491,0,7,1,0
C102537,starter,monthly,us,12,5,22.59,2.9,7,2579,1,8,3,0
C102538,starter,monthly,us,39,5,22.59,6.2,3,3334,0,6,3,0
C102539,growth,annual,apac,3,42,75.1,107.9,14,14483,0,7,1,0
C102540,growth,annual,apac,7,15,61.1,64.4,8,2272,3,8,2,0
C102541,starter,monthly,us,37,3,21.42,33.1,2,3117,2,10,2,0
C102542,starter,annual,eu,28,3,18.21,4.7,3,302,2,6,1,0
C102543,starter,monthly,us,3,1,19.72,1.5,0,646,1,6,1,0
C102544,growth,monthly,eu,3,8,65.28,22.2,2,1145,2,8,1,1
C102545,starter,annual,us,24,5,19.2,37.0,0,768,1,10,2,0
C102546,enterprise,monthly,us,21,39,263.9,208.2,17,14014,2,9,4,0
C102547,starter,monthly,eu,13,2,20.68,2.2,2,3056,1,7,0,0
C102548,starter,annual,us,38,3,18.21,5.8,4,2568,2,10,3,0
C102549,starter,monthly,us,9,3,21.42,11.6,1,963,3,4,2,1
C102550,growth,annual,apac,2,28,68.72,97.9,13,6572,0,10,1,0
C102551,starter,monthly,eu,25,4,22.04,12.4,3,1879,2,7,0,1
C102552,growth,annual,apac,29,12,58.9,16.5,11,9191,1,9,0,0
C102553,enterprise,monthly,eu,10,130,362.91,353.4,51,5875,1,10,2,0
C102554,starter,monthly,us,6,5,22.59,19.2,1,1026,1,8,2,0
C102555,growth,monthly,apac,2,8,65.28,8.0,3,702,1,8,2,0
C102556,starter,annual,eu,16,4,18.73,20.8,3,764,0,7,1,0
C102557,starter,monthly,eu,20,2,20.68,9.2,3,158,0,10,2,0
C102558,starter,annual,us,31,2,17.58,2.7,3,96,0,8,1,0
C102559,starter,monthly,us,21,10,24.74,36.3,7,686,1,8,0,0
C102560,growth,monthly,eu,10,19,74.95,62.2,7,2570,2,10,2,0
C102561,growth,monthly,us,18,16,72.68,54.1,5,6052,1,6,1,0
C102562,growth,monthly,us,32,18,74.21,100.7,12,1928,1,7,2,0
C102563,growth,annual,eu,20,27,68.2,49.2,10,2748,0,9,2,0
C102564,growth,monthly,us,29,12,69.29,28.5,8,3841,2,10,0,1
C102565,starter,annual,eu,6,3,18.21,1.0,1,919,1,7,0,1
C102566,starter,monthly,eu,25,5,22.59,21.8,0,5321,1,8,1,0
C102567,starter,monthly,us,21,1,19.72,5.7,1,626,1,4,1,0
C102568,growth,monthly,eu,12,29,81.43,137.5,14,2554,0,10,1,0
C102569,enterprise,annual,apac,32,35,218.95,33.2,16,4238,0,5,1,0
C102570,starter,annual,us,54,3,18.21,12.6,2,1390,0,6,1,0
C102571,growth,monthly,us,3,8,65.28,31.4,7,815,1,8,2,0
C102572,growth,annual,eu,12,10,57.28,12.0,6,1680,2,6,0,0
C102573,growth,monthly,eu,15,34,84.25,130.3,19,1615,0,3,2,1
C102574,growth,monthly,us,16,30,82.02,76.1,12,2052,2,5,3,0
C102575,growth,annual,us,9,32,70.68,17.9,11,22024,1,8,3,0
C102576,growth,monthly,us,3,8,65.28,23.2,3,2104,0,10,3,0
C102577,enterprise,annual,eu,13,47,234.28,50.0,11,5899,3,10,7,0
C102578,starter,annual,eu,15,4,18.73,2.5,3,599,2,8,1,0
C102579,enterprise,annual,eu,12,114,296.65,266.5,45,117664,0,8,7,0
C102580,starter,annual,us,15,2,17.58,4.4,0,271,1,9,3,0
C102581,growth,monthly,eu,18,13,70.19,65.2,8,4456,1,10,0,0
C102582,starter,annual,us,13,2,17.58,5.2,1,1074,1,8,3,0
C102583,starter,monthly,us,9,9,24.36,29.7,9,7452,0,8,4,0
C102584,starter,monthly,eu,15,3,21.42,9.1,1,330,0,8,1,0
C102585,starter,monthly,us,19,4,22.04,16.8,0,264,1,10,1,0
C102586,starter,monthly,us,16,4,22.04,4.4,1,344,2,5,1,1
C102587,starter,annual,apac,57,6,19.62,13.6,2,2645,1,7,4,0
C102588,starter,annual,eu,20,2,17.58,4.2,1,2943,3,8,2,0
C102589,starter,monthly,us,16,7,23.54,21.5,4,3168,0,3,5,0
C102590,growth,monthly,eu,8,9,66.36,20.6,3,1121,0,9,3,0
C102591,enterprise,annual,us,8,143,317.56,168.1,42,91776,0,10,11,0
C102592,growth,monthly,us,12,7,64.12,10.7,5,1042,1,3,2,1
C102593,starter,annual,eu,12,3,18.21,20.3,2,336,3,7,3,0
C102594,starter,annual,us,12,9,20.71,5.3,5,1506,0,7,3,0
C102595,enterprise,monthly,us,21,113,348.1,335.8,49,14765,0,6,2,0
C102596,starter,monthly,eu,32,4,22.04,19.6,1,494,1,6,1,1
C102597,starter,monthly,us,25,2,20.68,6.9,3,1471,1,6,2,0
C102598,enterprise,monthly,eu,23,55,286.39,397.4,18,7638,1,9,6,0
C102599,enterprise,monthly,apac,7,156,383.81,543.6,39,8237,2,10,4,0
C102600,starter,monthly,us,35,5,22.59,13.1,4,1948,2,9,1,0
C102601,growth,monthly,us,8,28,80.84,37.1,10,2630,2,5,0,1
C102602,starter,monthly,apac,19,4,22.04,10.9,2,405,0,9,1,0
C102603,growth,monthly,us,22,15,71.88,45.1,6,6297,3,9,1,0
C102604,starter,annual,eu,36,5,19.2,10.0,1,599,1,1,4,1
C102605,starter,monthly,eu,50,4,22.04,4.9,2,619,0,10,2,0
C102606,growth,annual,eu,12,16,61.78,12.8,8,3708,1,8,1,0
C102607,starter,monthly,apac,18,1,19.72,3.2,1,209,1,8,1,0
C102608,growth,monthly,apac,33,29,81.43,18.9,6,4370,1,4,1,0
C102609,starter,monthly,us,53,4,22.04,5.9,6,113,0,10,1,0
C102610,enterprise,annual,eu,13,59,247.76,19.5,21,11153,2,8,3,0
C102611,growth,monthly,eu,8,32,83.15,105.0,10,30289,2,9,1,1
C102612,starter,monthly,apac,5,4,22.04,18.4,1,1639,1,5,2,1
C102613,growth,monthly,eu,3,20,75.66,39.1,4,3174,2,8,1,1
C102614,starter,annual,us,9,6,19.62,42.5,2,2092,1,9,1,0
C102615,starter,monthly,eu,29,5,22.59,25.7,5,2023,1,7,3,0
C102616,starter,monthly,eu,30,4,22.04,11.5,4,436,1,5,3,1
C102617,enterprise,annual,us,20,72,260.88,120.6,26,49262,2,7,5,0
C102618,growth,monthly,apac,12,48,91.19,68.4,11,12287,1,5,0,1
C102619,enterprise,monthly,us,21,55,286.39,148.3,17,9173,0,6,3,0
C102620,enterprise,annual,us,16,116,298.17,190.1,42,106998,1,10,7,0
C102621,enterprise,monthly,eu,13,76,311.38,202.3,26,2607,0,8,3,0
C102622,starter,monthly,apac,20,5,22.59,15.5,2,399,2,7,1,1
C102623,enterprise,monthly,us,12,148,377.58,227.7,59,58094,0,5,6,0
C102624,growth,monthly,us,20,15,71.88,60.3,7,6145,1,7,2,0
C102625,starter,annual,us,22,5,19.2,8.5,5,5063,0,7,4,0
C102626,growth,annual,eu,26,20,64.31,37.6,4,584,0,5,0,0
C102627,starter,monthly,eu,3,2,20.68,2.3,0,1061,0,10,2,1
C102628,starter,monthly,apac,35,7,23.54,11.3,0,518,1,10,1,0
C102629,starter,annual,us,15,5,19.2,45.3,4,1677,4,6,1,0
C102630,starter,annual,eu,50,3,18.21,3.4,1,670,0,8,1,0
C102631,starter,monthly,eu,29,6,23.08,16.0,3,2944,0,4,2,0
C102632,enterprise,annual,apac,8,52,240.09,68.8,19,9297,2,8,5,0
C102633,growth,monthly,us,24,17,73.46,6.7,13,9415,1,9,1,0
C102634,growth,annual,us,34,14,60.39,38.7,5,1486,1,5,1,0
C102635,starter,monthly,eu,13,5,22.59,6.8,1,1069,0,7,2,0
C102636,starter,monthly,apac,7,3,21.42,8.0,0,845,2,8,0,1
C102637,starter,annual,apac,6,5,19.2,20.0,4,5201,0,10,2,0
C102638,growth,annual,us,4,24,66.61,52.1,12,11280,1,10,2,0
C102639,starter,monthly,eu,2,3,21.42,8.1,3,853,0,8,3,0
C102640,growth,monthly,us,15,44,89.32,43.7,17,17306,1,6,1,0
C102641,growth,annual,us,7,12,58.9,37.1,7,7150,1,8,0,0
C102642,growth,monthly,us,10,8,65.28,13.5,7,2536,1,10,3,0
C102643,enterprise,monthly,apac,51,122,356.07,54.5,53,10687,1,4,4,0
C102644,starter,annual,us,22,1,16.76,5.0,0,475,2,3,1,0
C102645,enterprise,monthly,eu,8,168,392.86,670.6,70,36079,0,5,2,0
C102646,growth,monthly,us,67,18,74.21,94.2,10,2919,1,9,3,0
C102647,growth,monthly,us,20,8,65.28,70.4,0,893,0,9,2,0
C102648,growth,annual,eu,63,11,58.11,35.7,3,4160,0,8,0,0
C102649,growth,monthly,eu,43,7,64.12,19.5,3,2521,0,10,3,0
C102650,enterprise,annual,us,20,96,282.3,373.2,37,8958,2,7,4,0
C102651,starter,annual,eu,15,2,17.58,2.5,2,181,0,7,0,0
C102652,growth,annual,us,29,23,66.05,13.2,7,28041,1,8,5,0
C102653,growth,monthly,eu,19,15,71.88,20.1,8,7268,3,10,4,0
C102654,starter,monthly,eu,11,3,21.42,15.6,1,768,1,8,2,0
C102655,enterprise,monthly,eu,11,103,338.86,117.3,34,39190,1,7,8,0
C102656,starter,monthly,us,32,5,22.59,13.9,4,755,0,8,1,1
C102657,growth,annual,us,8,31,70.2,84.8,12,5883,4,10,0,0
C102658,starter,annual,us,32,2,17.58,5.5,2,500,1,7,3,0
C102659,starter,monthly,us,17,3,21.42,2.6,2,1691,0,6,2,1
C102660,growth,monthly,eu,4,13,70.19,31.0,2,816,1,6,4,0
C102661,starter,annual,us,33,4,18.73,6.1,3,371,1,9,1,0
C102662,starter,monthly,apac,8,2,20.68,15.2,1,163,1,6,3,0
C102663,starter,annual,us,9,3,18.21,14.2,2,1530,0,9,1,0
C102664,starter,monthly,eu,14,3,21.42,4.9,3,648,2,4,3,0
C102665,growth,annual,us,16,20,64.31,127.3,13,1951,0,7,2,0
C102666,enterprise,annual,eu,20,80,268.37,184.4,19,14460,0,7,2,0
C102667,starter,monthly,eu,32,5,22.59,3.1,2,651,2,10,0,0
C102668,growth,monthly,eu,32,17,73.46,29.9,11,1042,1,9,1,0
C102669,starter,annual,eu,10,2,17.58,14.5,2,1523,1,7,2,0
C102670,growth,monthly,eu,11,19,74.95,19.8,8,3698,1,6,2,0
C102671,starter,monthly,us,30,2,20.68,4.4,1,1555,0,6,1,0
C102672,starter,monthly,eu,7,5,22.59,3.9,4,312,1,5,1,1
C102673,starter,monthly,us,17,3,21.42,2.8,3,1118,0,10,1,0
C102674,growth,annual,apac,41,19,63.71,19.6,15,1155,1,6,2,0
C102675,growth,monthly,us,12,20,75.66,15.7,9,40195,2,10,1,0
C102676,starter,monthly,us,4,8,23.96,10.0,3,382,0,8,3,0
C102677,growth,annual,us,8,21,64.91,131.0,11,23513,1,7,2,0
C102678,growth,monthly,eu,8,18,74.21,32.6,12,3939,0,8,0,1
C102679,starter,monthly,eu,7,2,20.68,8.0,2,416,2,10,1,1
C102680,growth,annual,us,13,26,67.68,102.6,10,9807,0,6,2,0
C102681,enterprise,annual,us,62,69,257.96,57.6,24,6547,2,8,3,0
C102682,starter,monthly,us,23,1,19.72,1.6,2,547,2,7,0,1
C102683,growth,annual,us,14,16,61.78,50.9,6,7730,4,8,1,1
C102684,starter,monthly,us,15,4,22.04,5.3,2,940,1,7,2,0
C102685,growth,monthly,us,9,11,68.36,33.9,4,3093,1,7,1,0
C102686,starter,annual,us,15,3,18.21,20.7,2,4032,1,9,1,0
C102687,growth,annual,apac,40,17,62.44,11.4,10,6810,1,5,0,1
C102688,starter,monthly,us,17,3,21.42,5.0,2,351,2,10,3,0
C102689,growth,monthly,apac,31,33,83.71,52.6,16,14364,3,8,2,1
C102690,enterprise,monthly,apac,29,41,266.94,51.7,21,5589,1,6,2,0
C102691,starter,monthly,us,60,11,25.09,13.6,6,1279,0,8,1,0
C102692,enterprise,annual,eu,28,78,266.53,100.2,35,27300,1,6,3,0
C102693,enterprise,annual,eu,58,106,290.42,189.8,37,9422,3,8,2,0
C102694,enterprise,monthly,us,33,85,321.02,172.8,25,19549,2,8,3,0
C102695,starter,monthly,eu,20,1,19.72,5.5,1,495,0,10,1,0
C102696,growth,monthly,us,9,10,67.39,18.7,5,12549,1,8,1,0
C102697,starter,monthly,us,31,3,21.42,14.0,1,1261,1,5,2,0
C102698,starter,annual,apac,33,6,19.62,7.8,4,365,0,9,3,0
C102699,enterprise,monthly,us,34,40,265.43,31.5,10,2713,2,9,5,0
C102700,growth,monthly,us,1,11,68.36,16.8,4,11681,0,4,2,0
C102701,growth,annual,eu,11,19,63.71,48.7,7,2390,0,5,1,0
C102702,starter,annual,eu,23,5,19.2,18.3,5,294,0,10,2,0
C102703,growth,monthly,us,12,22,77.04,112.8,8,1980,1,7,3,0
C102704,growth,monthly,eu,11,11,68.36,25.5,3,5048,1,7,2,0
C102705,starter,monthly,us,9,1,19.72,4.7,1,299,1,7,1,0
C102706,enterprise,monthly,apac,4,104,339.8,490.6,34,41061,2,6,7,0
C102707,starter,monthly,us,22,8,23.96,8.9,6,1757,0,4,2,1
C102708,starter,monthly,us,10,3,21.42,5.5,1,263,1,5,3,1
C102709,growth,monthly,us,12,10,67.39,132.2,5,450,3,6,1,0
C102710,enterprise,monthly,us,14,64,297.6,211.6,24,6667,0,6,7,0
C102711,starter,annual,eu,25,4,18.73,11.7,2,1038,1,6,3,0
C102712,starter,monthly,us,20,3,21.42,12.0,2,245,1,4,4,0
C102713,starter,annual,eu,19,8,20.37,6.0,5,4384,1,6,3,0
C102714,enterprise,annual,us,2,127,306.32,146.0,49,11379,0,10,3,0
C102715,starter,annual,eu,32,4,18.73,4.0,2,210,2,6,1,0
C102716,growth,annual,us,48,6,53.45,15.8,4,1371,1,7,4,0
C102717,enterprise,annual,us,19,56,244.53,78.6,24,24531,3,10,8,0
C102718,starter,annual,eu,6,3,18.21,6.8,2,2720,0,6,3,0
C102719,growth,monthly,us,11,12,69.29,18.2,5,631,2,10,0,0
C102720,growth,monthly,eu,7,19,74.95,11.3,8,15234,1,9,2,0
C102721,growth,monthly,eu,45,20,75.66,68.7,16,5258,2,8,1,0
C102722,starter,monthly,eu,12,1,19.72,0.8,0,154,0,7,1,1
C102723,starter,monthly,eu,19,5,22.59,6.0,2,2122,0,10,1,0
C102724,starter,monthly,apac,14,4,22.04,3.3,2,3150,2,6,2,0
C102725,growth,monthly,apac,24,21,76.36,21.0,5,1030,2,6,3,0
C102726,growth,monthly,us,8,26,79.63,55.1,6,3915,2,10,3,0
C102727,starter,monthly,us,19,2,20.68,10.9,2,300,1,7,0,0
C102728,starter,annual,us,12,7,20.01,4.6,6,2793,1,6,2,1
C102729,enterprise,monthly,apac,35,74,309.16,90.9,31,60766,0,6,3,0
C102730,starter,annual,us,2,8,20.37,4.5,5,1934,0,3,0,0
C102731,starter,monthly,eu,13,2,20.68,3.0,0,377,2,10,0,1
C102732,growth,annual,us,32,36,72.52,69.2,13,11900,4,7,2,0
C102733,starter,annual,apac,30,2,17.58,7.9,4,397,0,10,2,0
C102734,starter,monthly,eu,4,14,26.08,5.9,4,444,2,7,2,1
C102735,starter,annual,us,28,2,17.58,6.8,3,780,1,7,1,0
C102736,starter,monthly,eu,7,6,23.08,6.0,5,3326,0,6,1,1
C102737,growth,monthly,eu,9,15,71.88,12.0,9,8805,2,9,1,1
C102738,growth,annual,us,31,25,67.15,48.2,5,1961,2,6,1,0
C102739,growth,monthly,eu,12,17,73.46,49.0,9,6546,1,8,1,0
C102740,starter,monthly,apac,4,2,20.68,4.3,3,1947,1,7,0,0
C102741,growth,monthly,us,6,4,60.04,3.8,2,9070,2,5,3,1
C102742,starter,monthly,eu,17,14,26.08,24.4,4,4817,0,6,0,1
C102743,growth,monthly,us,12,18,74.21,20.1,9,9721,1,7,1,1
C102744,starter,monthly,us,12,1,19.72,4.3,1,111,1,7,2,0
C102745,growth,monthly,us,24,20,75.66,78.5,5,1619,1,10,3,0
C102746,starter,monthly,us,21,5,22.59,20.3,1,2796,2,8,5,0
C102747,starter,monthly,us,13,2,20.68,4.5,2,78,2,7,1,1
C102748,starter,monthly,eu,30,2,20.68,10.1,2,564,1,7,0,0
C102749,starter,annual,eu,24,3,18.21,3.1,3,2573,2,7,0,1
C102750,starter,monthly,eu,20,7,23.54,47.4,3,3019,0,6,1,0
C102751,growth,monthly,eu,11,18,74.21,16.3,8,7570,2,6,0,0
C102752,growth,annual,us,34,37,72.97,16.3,10,7833,0,9,1,0
C102753,starter,annual,eu,12,7,20.01,35.4,2,1099,3,10,3,0
C102754,enterprise,monthly,us,13,71,305.78,78.3,19,108967,0,6,6,0
C102755,growth,monthly,us,45,8,65.28,16.7,3,5494,5,8,2,0
C102756,enterprise,annual,us,8,71,259.91,62.6,22,33561,0,6,1,0
C102757,growth,annual,us,8,23,66.05,221.8,9,5240,0,8,2,0
C102758,growth,monthly,apac,13,18,74.21,119.6,7,2370,3,5,3,1
C102759,growth,monthly,apac,6,24,78.36,130.5,12,14084,1,6,4,0
C102760,growth,monthly,eu,6,27,80.24,52.8,12,4544,3,6,1,1
C102761,enterprise,monthly,us,44,104,339.8,373.9,36,24613,1,7,4,0
C102762,starter,annual,eu,13,3,18.21,6.2,0,1236,0,5,2,1
C102763,starter,annual,us,20,5,19.2,21.9,4,1389,1,3,0,1
C102764,starter,monthly,us,4,12,25.44,17.0,5,10854,1,5,0,1
C102765,enterprise,annual,eu,7,37,221.67,205.0,18,2497,1,7,4,0
C102766,starter,annual,eu,49,5,19.2,7.2,2,1222,4,6,0,1
C102767,growth,monthly,eu,6,44,89.32,62.9,21,66651,3,6,1,1
C102768,growth,annual,us,21,10,57.28,13.7,2,5044,2,8,2,0
C102769,enterprise,monthly,us,1,131,363.75,270.9,42,24178,1,6,5,0
C102770,starter,monthly,eu,4,7,23.54,10.4,3,3263,1,7,1,1
C102771,growth,monthly,eu,13,8,65.28,21.7,5,1734,1,10,0,0
C102772,enterprise,monthly,eu,30,114,349.0,147.3,27,94047,1,7,4,0
C102773,starter,annual,us,16,3,18.21,11.1,5,1487,1,7,2,0
C102774,growth,monthly,eu,14,17,73.46,91.5,6,1738,3,8,2,0
C102775,starter,monthly,eu,25,3,21.42,6.8,2,880,0,6,2,0
C102776,growth,monthly,apac,19,34,84.25,293.9,13,10975,0,6,2,0
C102777,growth,monthly,us,3,17,73.46,69.6,7,5776,2,7,1,1
C102778,starter,monthly,us,15,3,21.42,28.6,1,946,0,8,3,0
C102779,starter,annual,us,11,3,18.21,6.1,1,1180,1,5,2,1
C102780,starter,monthly,us,13,3,21.42,2.0,3,1035,2,9,3,0
C102781,starter,monthly,us,11,2,20.68,2.8,1,256,2,10,3,1
C102782,growth,monthly,eu,15,14,71.05,17.2,3,2076,2,3,0,0
C102783,starter,monthly,eu,21,4,22.04,4.2,2,740,0,8,1,1
C102784,starter,annual,apac,5,4,18.73,1.8,0,1013,1,7,2,0
C102785,growth,monthly,apac,9,32,83.15,120.1,11,5657,0,7,1,0
C102786,growth,monthly,us,25,20,75.66,10.1,7,12007,1,8,4,0
C102787,growth,annual,eu,27,14,60.39,50.2,8,1319,2,10,0,0
C102788,enterprise,annual,eu,40,48,235.47,403.6,23,2227,1,8,2,0
C102789,starter,annual,eu,16,4,18.73,4.8,2,5461,3,9,2,0
C102790,growth,monthly,apac,8,16,72.68,39.1,15,1711,4,7,2,1
C102791,starter,monthly,us,9,3,21.42,4.8,1,1911,1,8,2,0
C102792,growth,annual,us,16,20,64.31,66.0,9,7695,1,6,1,0
C102793,enterprise,monthly,apac,7,103,338.86,80.8,42,11232,3,7,1,1
C102794,growth,annual,eu,38,20,64.31,33.7,13,3948,2,7,2,0
C102795,growth,monthly,us,11,16,72.68,65.3,9,2770,1,8,2,0
C102796,growth,annual,eu,35,12,58.9,21.8,3,3707,1,4,1,0
C102797,starter,monthly,eu,6,2,20.68,1.5,3,246,1,5,1,1
C102798,growth,monthly,apac,13,27,80.24,118.3,9,5110,3,10,1,0
C102799,growth,monthly,apac,12,14,71.05,10.6,6,3027,2,10,0,0
C102800,enterprise,monthly,eu,4,40,265.43,77.1,9,23856,2,4,3,0
C102801,starter,annual,eu,13,7,20.01,20.4,3,1098,2,6,3,0
C102802,starter,monthly,us,19,2,20.68,5.0,1,204,2,6,0,1
C102803,growth,monthly,eu,2,18,74.21,197.3,6,2456,1,8,2,0
C102804,starter,annual,us,23,5,19.2,16.7,3,1600,0,7,2,0
C102805,starter,annual,us,20,4,18.73,7.1,2,189,0,9,0,1
C102806,starter,monthly,eu,15,1,19.72,4.3,0,793,1,5,2,1
C102807,growth,annual,eu,26,21,64.91,44.9,10,4753,0,8,1,0
C102808,starter,monthly,eu,27,7,23.54,14.0,7,2348,0,7,1,0
C102809,starter,annual,apac,72,5,19.2,11.9,2,1401,1,6,1,0
C102810,starter,monthly,eu,4,1,19.72,2.1,1,148,0,8,1,0
C102811,enterprise,monthly,us,42,231,435.81,483.8,66,19207,2,7,4,0
C102812,growth,monthly,eu,31,9,66.36,12.1,5,1081,3,7,1,1
C102813,starter,monthly,us,20,2,20.68,1.2,0,126,1,10,1,0
C102814,starter,monthly,eu,6,5,22.59,22.2,3,1573,3,8,2,1
C102815,growth,monthly,eu,11,22,77.04,27.3,8,4224,0,10,2,0
C102816,starter,annual,us,10,4,18.73,9.1,4,234,1,3,1,1
C102817,growth,monthly,us,14,13,70.19,14.3,7,1671,1,7,1,0
C102818,starter,monthly,eu,25,7,23.54,8.2,4,2860,0,5,2,1
C102819,enterprise,annual,eu,37,78,266.53,68.3,25,55103,1,5,8,0
C102820,starter,annual,apac,50,1,16.76,5.4,1,85,0,6,3,0
C102821,growth,annual,eu,11,33,71.15,138.9,15,51136,0,9,3,0
C102822,starter,monthly,eu,18,4,22.04,8.4,1,392,2,7,1,1
C102823,enterprise,monthly,eu,8,139,370.36,172.5,48,6604,1,5,3,0
C102824,enterprise,monthly,eu,32,106,341.68,58.6,30,113655,1,9,1,0
C102825,growth,monthly,us,21,59,95.94,187.1,25,5106,0,5,0,0
C102826,starter,monthly,us,13,3,21.42,4.0,1,2798,1,10,0,1
C102827,starter,annual,us,4,4,18.73,3.8,3,511,1,5,0,1
C102828,growth,monthly,us,18,25,79.0,47.0,12,4263,2,7,2,0
C102829,growth,annual,eu,19,15,61.1,22.2,4,1035,1,10,1,1
C102830,starter,monthly,us,3,5,22.59,3.5,7,3631,0,7,0,1
C102831,starter,monthly,eu,5,1,19.72,1.1,1,753,1,8,1,1
C102832,starter,monthly,eu,17,3,21.42,8.1,4,392,0,7,2,1
C102833,growth,annual,us,48,17,62.44,20.0,5,3543,2,7,0,0
C102834,growth,monthly,eu,34,16,72.68,42.6,6,6478,2,6,0,0
C102835,growth,monthly,eu,13,11,68.36,23.0,2,1616,3,8,2,0
C102836,growth,monthly,eu,12,28,80.84,107.0,11,21199,3,10,1,0
C102837,starter,annual,us,9,3,18.21,3.6,3,645,0,3,2,0
C102838,starter,annual,eu,8,4,18.73,9.7,4,583,0,5,0,1
C102839,starter,annual,us,12,3,18.21,10.0,1,171,1,6,3,0
C102840,growth,annual,us,57,23,66.05,27.4,6,1595,2,6,2,0
C102841,starter,annual,us,12,8,20.37,33.9,4,3074,0,9,3,0
C102842,starter,annual,eu,15,4,18.73,2.6,3,1150,0,6,3,0
C102843,starter,monthly,us,5,6,23.08,6.6,4,2855,0,8,1,0
C102844,starter,monthly,eu,23,4,22.04,2.5,0,560,1,10,1,0
C102845,growth,monthly,apac,15,13,70.19,14.6,4,664,0,4,1,1
C102846,starter,monthly,us,11,3,21.42,5.7,4,454,0,8,1,0
C102847,starter,monthly,eu,7,3,21.42,11.5,3,4444,3,7,1,1
C102848,growth,monthly,us,8,23,77.71,38.0,8,2144,2,7,1,1
C102849,starter,annual,us,11,4,18.73,5.4,5,900,1,5,0,1
C102850,starter,annual,us,11,2,17.58,1.6,3,56,1,7,2,0
C102851,starter,monthly,eu,7,3,21.42,2.7,5,445,0,7,5,0
C102852,growth,annual,us,14,8,55.48,19.1,6,1247,2,7,1,0
C102853,starter,monthly,us,18,3,21.42,11.9,3,957,1,9,3,0
C102854,growth,monthly,apac,26,18,74.21,24.9,6,3012,1,5,0,1
C102855,enterprise,monthly,eu,46,197,413.48,830.1,75,11062,1,4,3,0
C102856,growth,monthly,us,3,35,84.79,32.9,16,4264,2,3,4,1
C102857,starter,monthly,us,20,2,20.68,3.5,2,408,4,8,2,0
C102858,growth,monthly,us,12,19,74.95,28.4,6,1726,1,9,2,0
C102859,starter,monthly,us,2,4,22.04,23.9,0,432,0,5,0,1
C102860,starter,monthly,eu,9,3,21.42,7.0,2,1754,0,5,0,1
C102861,growth,annual,us,24,16,61.78,8.5,11,2034,1,10,1,0
C102862,starter,monthly,eu,22,3,21.42,12.5,5,1055,0,10,1,0
C102863,starter,monthly,eu,17,10,24.74,69.2,4,1919,0,10,1,0
C102864,starter,monthly,us,8,3,21.42,5.4,5,235,1,8,2,0
C102865,starter,monthly,eu,38,4,22.04,4.4,3,689,1,9,0,0
C102866,starter,monthly,eu,6,1,19.72,5.1,2,351,0,7,1,1
C102867,growth,monthly,eu,11,27,80.24,196.2,11,28594,0,4,2,1
C102868,enterprise,annual,us,13,144,318.24,471.3,54,15835,3,5,6,0
C102869,starter,monthly,apac,14,2,20.68,1.5,3,454,1,7,0,0
C102870,growth,annual,us,64,13,59.66,41.4,7,6595,1,9,1,0
C102871,starter,monthly,eu,43,5,22.59,13.3,4,3576,0,7,2,0
C102872,starter,monthly,us,22,4,22.04,4.2,2,519,2,9,1,1
C102873,starter,monthly,eu,15,5,22.59,24.6,2,1000,0,7,1,0
C102874,starter,monthly,apac,15,3,21.42,8.7,3,1933,2,8,2,1
C102875,starter,monthly,us,26,10,24.74,47.7,8,3565,1,9,1,0
C102876,starter,monthly,eu,33,2,20.68,2.2,3,1242,1,10,1,0
C102877,starter,monthly,us,6,15,26.39,37.0,5,9614,1,8,3,1
C102878,growth,annual,eu,46,33,71.15,32.3,13,12032,3,10,3,0
C102879,starter,monthly,us,21,6,23.08,14.0,1,1559,0,7,5,0
C102880,starter,monthly,eu,10,2,20.68,12.9,3,268,1,10,3,0
C102881,starter,annual,apac,14,6,19.62,4.3,3,1100,0,9,1,0
C102882,growth,monthly,us,22,24,78.36,17.0,10,4542,0,4,1,1
C102883,starter,annual,apac,22,1,16.76,5.5,1,794,0,10,0,0
C102884,growth,annual,apac,7,8,55.48,15.2,6,2121,1,5,2,0
C102885,starter,annual,eu,15,4,18.73,18.6,2,1099,0,7,3,0
C102886,starter,monthly,us,18,3,21.42,3.6,2,290,1,9,2,0
C102887,enterprise,monthly,us,33,61,293.96,114.8,20,39825,0,6,5,0
C102888,starter,monthly,eu,36,6,23.08,19.1,0,687,2,7,2,0
C102889,starter,annual,eu,5,2,17.58,5.3,2,379,0,9,1,0
C102890,starter,annual,eu,16,3,18.21,1.8,4,2307,1,6,4,0
C102891,enterprise,monthly,eu,9,57,288.96,747.2,12,27962,2,7,3,0
C102892,growth,monthly,apac,21,23,77.71,49.2,10,2378,2,7,4,0
C102893,growth,monthly,us,62,7,64.12,5.3,4,602,2,9,1,0
C102894,enterprise,monthly,us,31,62,295.18,140.3,24,11397,0,10,5,0
C102895,starter,monthly,apac,23,1,19.72,3.8,1,161,0,5,1,0
C102896,enterprise,annual,eu,27,68,256.98,247.4,29,4007,1,8,8,0
C102897,starter,monthly,us,41,5,22.59,19.1,3,584,0,6,0,0
C102898,growth,monthly,eu,29,26,79.63,41.2,7,486,0,7,1,0
C102899,starter,annual,eu,6,2,17.58,1.4,5,1105,3,10,3,1
C102900,starter,monthly,eu,48,5,22.59,13.8,1,2451,2,8,1,0
C102901,enterprise,monthly,eu,17,72,306.92,41.4,29,56510,0,6,3,1
C102902,starter,annual,eu,21,7,20.01,31.8,1,2185,3,5,4,0
C102903,enterprise,monthly,us,36,74,309.16,80.4,24,10908,1,9,5,0
C102904,starter,monthly,eu,60,1,19.72,4.4,3,678,2,6,1,0
C102905,growth,annual,eu,11,28,68.72,32.5,13,3303,1,6,2,0
C102906,enterprise,annual,us,35,63,251.94,81.1,26,4215,1,8,4,0
C102907,starter,annual,eu,11,3,18.21,3.7,1,622,1,9,2,0
C102908,enterprise,annual,us,20,94,280.63,281.0,36,30010,0,7,5,0
C102909,growth,monthly,apac,4,8,65.28,10.0,7,872,1,5,3,1
C102910,growth,annual,us,11,18,63.08,57.2,4,1562,0,10,2,0
C102911,starter,monthly,us,19,5,22.59,6.6,2,790,0,9,1,0
C102912,growth,annual,us,24,21,64.91,33.0,1,6766,1,9,1,0
C102913,growth,annual,us,23,13,59.66,25.0,8,2553,3,7,1,0
C102914,starter,annual,apac,32,6,19.62,13.1,4,14697,0,6,2,0
C102915,starter,annual,apac,12,2,17.58,2.4,4,434,0,6,4,0
C102916,starter,monthly,eu,15,2,20.68,7.5,3,963,0,4,3,1
C102917,enterprise,annual,us,15,74,262.79,111.0,28,4433,2,7,3,0
C102918,starter,monthly,us,13,4,22.04,12.0,3,1577,2,6,0,1
C102919,growth,monthly,eu,8,15,71.88,27.7,6,2210,1,7,0,0
C102920,enterprise,annual,us,17,147,320.27,400.4,53,32122,3,8,4,0
C102921,starter,annual,us,28,4,18.73,6.1,0,4244,1,8,1,0
C102922,starter,monthly,us,20,4,22.04,4.7,2,665,1,6,3,0
C102923,growth,monthly,eu,12,20,75.66,49.9,4,1371,2,5,3,1
C102924,starter,monthly,eu,17,5,22.59,7.1,2,408,0,4,3,1
C102925,growth,monthly,eu,11,20,75.66,102.7,9,5199,0,8,0,0
C102926,growth,monthly,us,24,7,64.12,14.3,5,1769,1,8,1,0
C102927,growth,annual,apac,29,31,70.2,21.7,14,7364,2,4,0,1
C102928,starter,monthly,apac,29,4,22.04,5.4,0,292,2,10,0,1
C102929,growth,annual,eu,14,25,67.15,22.9,12,34381,2,9,2,0
C102930,growth,monthly,eu,11,14,71.05,55.5,7,11694,3,5,2,0
C102931,starter,annual,us,32,1,16.76,4.8,3,304,1,8,0,0
C102932,growth,monthly,us,13,5,61.53,9.6,6,293,1,7,5,0
C102933,enterprise,annual,us,17,49,236.64,109.3,21,45075,3,8,6,0
C102934,growth,annual,eu,20,23,66.05,39.9,10,14216,2,8,1,0
C102935,starter,annual,eu,16,7,20.01,24.8,4,1744,1,9,1,0
C102936,starter,annual,us,26,4,18.73,11.8,1,2736,0,10,0,0
C102937,starter,monthly,us,5,2,20.68,7.5,0,314,0,8,2,0
C102938,starter,monthly,eu,22,2,20.68,4.0,0,206,3,9,2,0
C102939,starter,monthly,apac,9,7,23.54,8.7,1,1832,3,10,0,1
C102940,enterprise,annual,us,12,41,226.9,119.1,16,2242,1,6,6,0
C102941,starter,monthly,apac,19,11,25.09,61.6,7,909,2,5,0,1
C102942,growth,monthly,us,4,45,89.8,177.8,24,16233,1,9,0,0
C102943,starter,monthly,us,14,11,25.09,62.9,2,3065,0,5,2,0
C102944,starter,monthly,apac,13,4,22.04,9.2,2,268,0,6,2,1
C102945,starter,annual,apac,15,3,18.21,3.2,1,491,2,10,3,0
C102946,starter,annual,apac,12,4,18.73,4.4,4,279,1,4,3,0
C102947,growth,annual,us,17,28,68.72,135.0,10,4001,1,8,3,0
C102948,enterprise,annual,us,11,57,245.61,28.1,26,7351,2,4,5,0
C102949,enterprise,annual,eu,16,46,233.09,240.3,16,24840,1,8,6,0
C102950,starter,monthly,eu,18,3,21.42,3.7,3,617,1,10,2,0
C102951,growth,annual,apac,32,12,58.9,86.9,7,2161,5,5,3,1
C102952,starter,monthly,eu,37,7,23.54,12.9,4,1117,1,3,2,1
C102953,enterprise,annual,us,5,58,246.69,174.8,18,2723,3,8,5,1
C102954,growth,annual,apac,34,18,63.08,177.3,9,3669,1,6,4,0
C102955,starter,monthly,apac,8,6,23.08,9.4,4,2116,0,7,4,0
C102956,starter,monthly,apac,16,7,23.54,10.7,3,1958,1,8,4,0
C102957,starter,monthly,us,4,4,22.04,5.0,4,1735,1,9,1,0
C102958,starter,monthly,us,2,4,22.04,4.1,2,1812,0,9,1,1
C102959,enterprise,annual,apac,60,48,235.47,69.4,22,76713,2,7,1,0
C102960,growth,monthly,eu,16,30,82.02,37.3,13,2408,2,8,2,0
C102961,enterprise,monthly,eu,14,150,379.15,112.9,51,40824,1,7,6,0
C102962,starter,monthly,apac,20,1,19.72,2.4,1,369,1,7,8,0
C102963,growth,monthly,us,14,43,88.84,107.4,21,7132,1,7,1,0
C102964,starter,monthly,us,29,2,20.68,2.5,0,277,1,9,2,0
C102965,growth,monthly,eu,19,24,78.36,39.4,6,8350,0,6,2,0
C102966,starter,monthly,us,26,4,22.04,21.9,2,1336,0,8,2,0
C102967,starter,monthly,apac,9,3,21.42,2.4,1,275,1,6,0,1
C102968,growth,monthly,us,5,16,72.68,115.2,8,708,1,6,1,0
C102969,starter,monthly,eu,31,2,20.68,2.9,1,315,0,10,0,0
C102970,starter,annual,us,21,5,19.2,11.5,4,627,2,8,1,0
C102971,growth,monthly,apac,6,15,71.88,68.6,8,5763,3,8,2,1
C102972,starter,monthly,apac,6,2,20.68,13.9,1,213,0,5,2,1
C102973,enterprise,annual,eu,18,47,234.28,118.9,23,8855,3,7,5,0
C102974,growth,monthly,us,24,9,66.36,10.6,2,437,2,9,1,0
C102975,growth,monthly,eu,8,13,70.19,14.1,4,720,0,8,0,1
C102976,growth,annual,us,43,22,65.49,27.1,10,2446,2,10,1,0
C102977,growth,monthly,eu,26,12,69.29,84.8,6,2147,4,8,2,0
C102978,growth,annual,us,32,29,69.22,40.7,16,3074,2,6,1,0
C102979,enterprise,annual,us,17,75,263.74,170.6,24,18819,0,6,3,0
C102980,growth,annual,eu,16,15,61.1,13.5,7,725,2,6,3,0
C102981,starter,annual,eu,6,4,18.73,3.6,3,766,0,6,2,1
C102982,starter,monthly,eu,9,8,23.96,15.7,3,1507,1,8,1,1
C102983,growth,annual,eu,15,9,56.41,13.7,6,552,1,6,0,0
C102984,starter,monthly,us,21,9,24.36,14.4,4,2493,0,10,1,0
C102985,starter,annual,eu,18,6,19.62,4.2,2,195,0,9,3,0
C102986,starter,monthly,eu,3,3,21.42,6.1,3,383,0,9,0,1
C102987,growth,monthly,apac,7,32,83.15,173.3,14,14403,1,7,0,1
C102988,starter,monthly,eu,19,3,21.42,3.5,1,96,0,9,0,0
C102989,growth,monthly,apac,21,20,75.66,69.3,7,8140,2,10,2,0
C102990,growth,monthly,us,12,13,70.19,2.2,4,1019,1,10,3,0
C102991,growth,monthly,us,25,29,81.43,30.3,22,3779,1,6,1,0
C102992,starter,annual,us,25,2,17.58,1.2,0,1738,1,7,1,0
C102993,growth,monthly,eu,57,17,73.46,75.1,10,2156,0,6,2,0
C102994,growth,annual,us,16,25,67.15,85.1,12,23717,1,10,1,0
C102995,starter,annual,us,12,6,19.62,5.7,2,1041,2,7,1,0
C102996,growth,annual,eu,8,11,58.11,25.5,4,2289,1,10,2,0
C102997,starter,monthly,us,5,5,22.59,23.2,1,2454,1,8,2,0
C102998,enterprise,annual,us,24,48,235.47,226.0,10,17313,1,9,7,0
C102999,starter,annual,apac,22,1,16.76,2.1,2,310,2,7,1,0
C103000,growth,annual,us,5,12,58.9,4.8,8,1773,1,9,1,0
C103001,growth,annual,eu,24,27,68.2,26.4,6,1483,2,8,1,0
C103002,starter,monthly,apac,18,3,21.42,10.9,1,184,0,10,1,0
C103003,growth,monthly,apac,13,13,70.19,106.0,2,9488,1,8,0,0
C103004,starter,annual,us,2,4,18.73,7.9,0,4293,0,6,0,1
C103005,growth,monthly,eu,22,18,74.21,21.8,8,4506,1,8,1,0
C103006,growth,annual,us,46,24,66.61,237.1,4,1080,2,7,2,0
C103007,starter,monthly,us,9,1,19.72,3.7,0,135,1,5,0,1
C103008,starter,monthly,eu,18,3,21.42,2.7,2,339,1,8,1,0
C103009,growth,monthly,apac,23,19,74.95,32.4,5,2565,0,6,3,0
C103010,starter,monthly,us,1,2,20.68,9.3,2,221,0,7,3,1
C103011,enterprise,annual,apac,7,40,225.62,69.5,12,14139,1,7,3,0
C103012,growth,monthly,us,4,14,71.05,45.7,6,3911,2,3,1,1
C103013,growth,annual,eu,46,18,63.08,10.9,5,16624,1,6,4,0
C103014,starter,monthly,apac,1,4,22.04,3.0,0,655,1,9,3,0
C103015,growth,annual,us,13,13,59.66,14.6,5,3484,3,7,4,0
C103016,enterprise,monthly,us,19,59,291.48,88.0,23,25388,1,3,4,0
C103017,starter,monthly,eu,8,3,21.42,8.1,1,1781,2,7,1,1
C103018,starter,monthly,eu,2,4,22.04,12.8,1,306,0,8,1,1
C103019,starter,monthly,us,13,7,23.54,76.4,1,2289,0,7,4,0
C103020,starter,annual,eu,8,1,16.76,1.7,3,308,1,7,2,0
C103021,growth,annual,apac,21,24,66.61,35.5,15,7000,1,6,3,0
C103022,starter,monthly,apac,27,3,21.42,3.9,2,749,2,9,1,0
C103023,growth,monthly,us,6,23,77.71,90.3,14,23874,1,6,3,0
C103024,starter,monthly,eu,9,7,23.54,30.1,3,713,0,9,2,0
C103025,starter,monthly,us,10,2,20.68,3.4,2,208,1,7,2,0
C103026,starter,monthly,eu,26,6,23.08,50.1,3,654,2,10,0,0
C103027,enterprise,monthly,us,17,42,268.43,46.6,18,7155,0,6,5,0
C103028,growth,monthly,us,6,19,74.95,72.4,3,5508,2,5,2,1
C103029,starter,annual,apac,32,3,18.21,17.7,4,471,1,9,2,0
C103030,growth,monthly,eu,8,18,74.21,12.9,8,9919,0,8,1,0
C103031,starter,monthly,eu,10,2,20.68,6.9,1,488,0,8,2,0
C103032,starter,monthly,apac,7,4,22.04,1.2,5,853,1,9,2,1
C103033,starter,monthly,us,18,8,23.96,27.4,2,547,1,5,1,1
C103034,enterprise,monthly,apac,12,49,278.4,41.3,21,55774,2,6,4,0
C103035,growth,annual,apac,39,19,63.71,52.4,8,4053,0,10,0,0
C103036,growth,monthly,us,17,27,80.24,84.1,8,26141,1,8,2,0
C103037,starter,annual,us,7,3,18.21,14.0,2,406,0,6,1,1
C103038,starter,annual,us,15,7,20.01,25.4,3,3358,0,4,0,0
C103039,growth,annual,us,42,14,60.39,27.2,4,1886,1,5,0,1
C103040,starter,annual,apac,5,3,18.21,4.9,2,3650,2,5,2,1
C103041,enterprise,monthly,eu,22,48,277.02,83.0,22,29093,2,6,2,0
C103042,growth,monthly,us,3,19,74.95,16.1,14,9086,2,8,1,1
C103043,starter,monthly,eu,37,4,22.04,7.1,5,484,0,5,3,0
C103044,growth,annual,us,11,24,66.61,36.1,5,29647,0,6,1,0
C103045,enterprise,annual,us,7,58,246.69,60.7,16,80190,2,5,2,0
C103046,starter,monthly,apac,41,2,20.68,1.4,3,348,3,7,0,1
C103047,growth,monthly,eu,15,22,77.04,16.6,12,5656,1,10,5,0
C103048,enterprise,monthly,eu,15,160,386.86,31.9,61,81174,0,10,5,0
C103049,starter,monthly,eu,11,5,22.59,8.1,2,195,1,9,1,0
C103050,enterprise,annual,eu,11,201,353.78,466.9,86,124162,2,6,3,0
C103051,starter,monthly,eu,2,5,22.59,1.5,1,2889,0,5,0,1
C103052,growth,monthly,apac,22,23,77.71,50.0,8,3078,0,7,1,0
C103053,growth,monthly,eu,4,25,79.0,42.2,18,772,1,4,4,1
C103054,growth,monthly,eu,29,37,85.84,29.7,20,11054,2,9,0,1
C103055,starter,monthly,us,6,7,23.54,10.1,4,573,2,7,1,1
C103056,growth,annual,eu,16,10,57.28,39.6,9,539,1,7,2,0
C103057,starter,monthly,eu,9,5,22.59,5.1,7,1605,3,4,5,1
C103058,starter,monthly,apac,11,4,22.04,8.7,6,3045,2,8,1,1
C103059,starter,monthly,eu,13,3,21.42,8.2,2,583,1,7,3,0
C103060,growth,monthly,eu,19,7,64.12,7.6,3,4620,3,5,1,1
C103061,starter,monthly,us,40,1,19.72,5.7,1,491,0,8,3,0
C103062,starter,monthly,eu,11,3,21.42,8.5,1,206,1,7,2,0
C103063,enterprise,monthly,eu,2,38,262.36,58.2,11,5108,0,8,2,0
C103064,starter,monthly,eu,34,3,21.42,33.5,0,1875,0,9,1,0
C103065,starter,annual,eu,24,5,19.2,20.3,3,693,3,5,5,1
C103066,starter,annual,apac,6,2,17.58,1.4,0,1024,0,8,1,1
C103067,starter,annual,eu,5,4,18.73,6.2,1,643,0,8,3,0
C103068,growth,monthly,eu,20,10,67.39,106.8,4,4306,0,10,1,0
C103069,starter,annual,eu,18,4,18.73,4.1,3,1368,1,9,3,0
C103070,starter,annual,apac,47,5,19.2,10.5,6,920,0,7,2,0
C103071,enterprise,monthly,eu,22,39,263.9,168.5,15,16103,0,7,9,0
C103072,growth,monthly,apac,9,12,69.29,35.7,2,385,2,8,2,0
C103073,growth,monthly,eu,7,9,66.36,30.0,7,764,0,5,3,1
C103074,enterprise,annual,apac,16,103,288.03,312.4,26,14962,2,5,6,0
C103075,enterprise,monthly,eu,2,86,322.05,158.6,31,54505,1,6,6,0
C103076,starter,monthly,eu,3,3,21.42,3.7,0,193,3,2,2,1
C103077,growth,annual,us,5,16,61.78,40.4,7,3460,2,5,5,1
C103078,growth,monthly,eu,9,21,76.36,29.3,7,6214,1,7,1,0
C103079,starter,annual,us,14,4,18.73,5.9,3,1162,0,10,2,0
C103080,starter,annual,us,23,3,18.21,18.1,3,650,3,6,5,0
C103081,starter,annual,us,36,2,17.58,3.5,1,280,0,9,0,0
C103082,growth,annual,eu,31,17,62.44,104.3,7,3035,0,7,0,0
C103083,growth,monthly,us,28,16,72.68,35.7,8,8584,1,8,1,0
C103084,growth,annual,eu,10,50,78.28,81.4,21,5947,0,5,1,1
C103085,starter,annual,apac,7,3,18.21,1.8,2,102,1,4,2,1
C103086,starter,annual,us,20,4,18.73,36.2,3,1415,1,10,2,0
C103087,starter,monthly,us,21,5,22.59,10.0,1,4419,2,5,4,1
C103088,growth,monthly,apac,6,36,85.32,13.4,9,3094,0,10,1,1
C103089,enterprise,monthly,us,12,53,283.78,192.5,24,39850,1,7,6,0
C103090,enterprise,monthly,us,7,156,383.81,272.1,64,54915,2,6,7,0
C103091,enterprise,monthly,eu,3,74,309.16,69.9,24,5768,2,6,4,1
C103092,enterprise,annual,us,19,279,395.0,965.7,93,32607,2,10,5,0
C103093,enterprise,annual,eu,28,95,281.47,28.9,31,10691,0,6,3,0
C103094,starter,annual,eu,44,2,17.58,2.8,1,571,1,7,3,0
C103095,starter,monthly,us,13,3,21.42,5.2,2,603,1,9,1,0
C103096,starter,monthly,eu,3,7,23.54,24.7,1,4301,0,8,4,0
C103097,starter,monthly,us,49,4,22.04,39.3,1,1997,2,10,1,0
C103098,starter,monthly,eu,52,3,21.42,5.4,3,177,1,10,1,0
C103099,starter,monthly,eu,72,5,22.59,13.8,1,321,1,6,0,0
C103100,enterprise,monthly,apac,62,67,301.16,832.6,23,25708,3,10,6,0
C103101,starter,monthly,eu,18,3,21.42,6.4,4,446,0,3,1,1
C103102,enterprise,monthly,us,15,49,278.4,123.8,16,9253,2,9,2,0
C103103,growth,monthly,us,26,42,88.36,32.2,19,15193,2,6,1,0
C103104,growth,monthly,apac,4,9,66.36,67.8,3,4396,0,9,2,1
C103105,growth,monthly,eu,8,19,74.95,21.4,9,1394,2,10,0,1
C103106,starter,annual,us,13,5,19.2,12.1,1,156,0,4,8,0
C103107,growth,monthly,us,32,17,73.46,37.4,4,3423,1,9,0,0
C103108,starter,monthly,eu,33,2,20.68,4.9,1,227,2,9,4,0
C103109,enterprise,monthly,eu,14,48,277.02,64.5,16,11262,4,9,2,1
C103110,starter,annual,eu,4,5,19.2,11.8,2,1062,5,5,1,1
C103111,starter,monthly,us,27,2,20.68,15.7,2,204,0,7,3,0
C103112,growth,annual,eu,4,6,53.45,58.3,3,8962,1,5,0,0
C103113,growth,monthly,eu,10,21,76.36,34.3,8,4742,1,8,1,0
C103114,starter,annual,us,18,2,17.58,3.4,2,292,1,5,0,1
C103115,growth,annual,us,4,24,66.61,25.1,9,5839,1,6,2,0
C103116,starter,monthly,eu,8,3,21.42,42.0,3,1144,1,9,2,0
C103117,growth,annual,eu,30,15,61.1,30.6,3,1896,0,6,3,0
C103118,starter,monthly,eu,26,4,22.04,17.9,1,7506,0,7,3,1
C103119,starter,annual,us,5,2,17.58,7.5,2,124,1,5,2,0
C103120,starter,monthly,apac,19,2,20.68,21.6,6,133,0,8,1,0
C103121,starter,monthly,us,3,3,21.42,5.4,0,168,0,7,0,0
C103122,starter,annual,us,24,2,17.58,2.1,3,492,1,6,1,0
C103123,starter,annual,eu,8,5,19.2,36.8,3,1760,0,6,2,0
C103124,starter,monthly,apac,13,3,21.42,12.0,1,527,0,8,1,0
C103125,starter,annual,eu,16,1,16.76,3.9,2,412,1,5,1,0
C103126,growth,monthly,eu,5,13,70.19,71.5,4,4389,4,7,2,1
C103127,starter,monthly,eu,8,4,22.04,11.7,3,672,1,7,0,1
C103128,growth,annual,eu,45,14,60.39,78.6,7,4598,1,8,1,0
C103129,enterprise,monthly,us,12,97,333.1,208.7,38,17924,2,6,4,0
C103130,starter,monthly,eu,17,5,22.59,18.8,7,796,0,9,3,0
C103131,enterprise,annual,eu,17,265,388.07,691.0,103,37256,0,9,4,0
C103132,starter,monthly,eu,36,7,23.54,10.8,5,1961,0,9,3,0
C103133,starter,monthly,apac,27,1,19.72,2.4,0,808,1,8,1,0
C103134,growth,monthly,us,6,15,71.88,21.3,11,1133,2,4,1,1
C103135,growth,annual,apac,39,15,61.1,33.7,5,2174,0,10,4,0
C103136,growth,monthly,apac,49,23,77.71,30.8,10,5916,2,8,1,0
C103137,starter,monthly,apac,6,2,20.68,6.2,1,2382,0,8,3,0
C103138,growth,annual,us,11,13,59.66,32.3,6,4292,2,6,2,0
C103139,starter,monthly,eu,14,2,20.68,5.3,4,236,1,7,1,0
C103140,starter,monthly,eu,12,2,20.68,5.4,2,213,0,10,0,0
C103141,starter,annual,eu,24,3,18.21,4.3,2,1723,2,9,0,1
C103142,enterprise,annual,us,13,68,256.98,101.3,30,11319,1,7,7,0
C103143,starter,monthly,eu,10,2,20.68,1.4,1,162,2,10,2,0
C103144,growth,annual,eu,25,29,69.22,48.9,13,16013,0,5,4,0
C103145,growth,annual,us,2,22,65.49,20.4,8,6453,0,4,3,0
C103146,growth,monthly,eu,18,8,65.28,16.5,4,618,3,3,0,1
C103147,growth,annual,eu,22,18,63.08,20.3,7,1200,1,9,2,0
C103148,enterprise,annual,eu,38,36,220.32,15.7,24,1133,0,6,0,0
C103149,starter,monthly,us,16,7,23.54,65.8,3,908,2,7,3,0
C103150,starter,monthly,eu,3,8,23.96,13.1,4,2381,1,10,3,0
C103151,growth,annual,eu,17,17,62.44,87.0,11,8997,3,8,0,0
C103152,starter,annual,eu,3,2,17.58,3.2,3,718,0,5,2,0
C103153,starter,monthly,us,20,2,20.68,15.1,1,151,1,10,3,0
C103154,starter,annual,eu,33,3,18.21,2.9,3,550,0,7,1,0
C103155,starter,annual,eu,14,3,18.21,7.2,2,2570,2,7,4,0
C103156,starter,annual,apac,13,7,20.01,6.3,2,1003,2,6,2,0
C103157,starter,annual,apac,26,6,19.62,72.9,4,2737,0,5,1,0
C103158,enterprise,monthly,eu,20,129,362.07,195.9,50,50818,0,8,6,0
C103159,starter,monthly,eu,25,4,22.04,14.6,0,1843,1,4,1,1
C103160,enterprise,monthly,eu,62,44,271.36,109.9,14,14343,2,7,2,0
C103161,enterprise,monthly,us,10,54,285.09,96.5,19,23573,1,10,3,0
C103162,starter,monthly,eu,21,4,22.04,11.8,3,245,0,9,0,0
C103163,growth,annual,apac,40,9,56.41,44.5,1,7939,0,8,2,0
C103164,growth,annual,us,40,20,64.31,59.1,4,875,1,5,1,0
C103165,growth,monthly,us,23,26,79.63,53.6,15,7639,0,7,1,0
C103166,starter,annual,eu,12,5,19.2,14.4,1,1101,1,6,1,0
C103167,starter,monthly,apac,25,5,22.59,38.2,6,655,0,10,5,0
C103168,starter,monthly,us,25,1,19.72,2.1,2,112,0,6,0,0
C103169,growth,monthly,us,28,35,84.79,17.5,9,12711,0,6,0,0
C103170,enterprise,monthly,eu,6,36,259.2,30.5,13,16394,2,7,4,1
C103171,growth,monthly,us,49,16,72.68,14.6,12,3254,1,6,3,0
C103172,growth,annual,us,40,24,66.61,23.9,14,4108,1,8,2,0
C103173,enterprise,annual,apac,15,95,281.47,95.1,34,66382,1,10,5,0
C103174,growth,monthly,us,37,9,66.36,16.9,2,1389,3,7,2,0
C103175,starter,monthly,us,14,2,20.68,5.5,6,472,1,5,0,1
C103176,enterprise,monthly,eu,44,92,328.16,196.6,24,16893,1,7,4,0
C103177,starter,annual,us,17,5,19.2,6.0,2,10628,1,5,1,1
C103178,starter,annual,apac,7,2,17.58,9.2,4,230,2,10,3,0
C103179,growth,monthly,us,56,21,76.36,56.4,5,9869,3,10,0,0
C103180,enterprise,monthly,eu,27,37,260.79,204.5,16,1774,2,10,2,0
C103181,starter,monthly,eu,13,5,22.59,18.1,2,486,1,9,3,0
C103182,starter,annual,us,46,2,17.58,3.6,2,371,3,7,1,0
C103183,starter,monthly,apac,25,4,22.04,20.4,2,827,1,7,2,0
C103184,starter,monthly,eu,12,3,21.42,7.8,3,555,2,7,1,0
C103185,starter,monthly,eu,46,7,23.54,23.8,0,1454,0,10,1,0
C103186,growth,monthly,apac,28,20,75.66,61.3,11,2394,1,7,0,0
C103187,enterprise,monthly,us,20,59,291.48,98.3,24,41516,2,6,5,0
C103188,starter,monthly,eu,16,4,22.04,8.8,0,378,0,7,1,0
C103189,starter,annual,eu,7,11,21.33,19.0,6,4827,2,8,0,0
C103190,starter,monthly,eu,1,5,22.59,5.5,5,2116,0,0,0,1
C103191,starter,monthly,eu,26,3,21.42,1.4,2,303,0,8,2,0
C103192,growth,monthly,us,6,11,68.36,12.8,4,1775,0,2,2,1
C103193,growth,monthly,us,7,13,70.19,28.1,1,2903,3,10,2,1
C103194,growth,annual,us,14,25,67.15,98.4,9,25070,0,4,2,0
C103195,starter,annual,us,14,2,17.58,8.0,2,351,1,6,3,0
C103196,growth,monthly,eu,8,18,74.21,27.5,13,104591,0,3,1,0
C103197,starter,annual,eu,26,8,20.37,9.6,3,3613,1,10,0,0
C103198,starter,annual,eu,3,4,18.73,7.2,4,1267,1,7,1,0
C103199,enterprise,annual,eu,26,46,233.09,42.3,12,22539,1,10,0,1
C103200,growth,monthly,us,12,53,93.41,21.9,21,2494,1,10,2,1
C103201,enterprise,monthly,eu,7,193,410.73,118.1,64,122050,2,10,2,1
C103202,enterprise,monthly,us,3,102,337.91,483.2,30,6838,1,4,5,0
C103203,growth,annual,eu,18,34,71.61,228.3,11,16471,2,8,1,0
C103204,enterprise,monthly,eu,5,70,304.64,215.3,23,9064,0,10,2,0
C103205,starter,monthly,eu,5,5,22.59,9.6,4,560,1,8,2,0
C103206,starter,monthly,us,40,3,21.42,2.4,6,3500,1,7,0,0
C103207,starter,monthly,us,4,2,20.68,4.1,0,448,2,8,0,1
C103208,starter,monthly,us,3,14,26.08,40.2,5,789,0,8,0,1
C103209,starter,annual,eu,24,1,16.76,5.0,1,649,1,4,4,0
C103210,starter,monthly,us,19,4,22.04,13.3,3,310,0,6,0,0
C103211,growth,annual,us,10,20,64.31,86.3,9,15144,0,9,2,0
C103212,growth,annual,eu,7,23,66.05,165.2,7,5036,1,9,1,0
C103213,growth,monthly,eu,8,17,73.46,23.8,11,1204,2,8,2,0
C103214,starter,annual,eu,10,3,18.21,45.6,2,1487,2,7,1,0
C103215,growth,monthly,eu,22,19,74.95,8.6,5,6762,1,7,3,0
C103216,starter,annual,apac,18,5,19.2,5.8,4,170,1,6,2,0
C103217,starter,annual,eu,11,3,18.21,7.4,1,671,0,7,2,0
C103218,starter,monthly,us,11,3,21.42,9.4,2,929,0,9,1,0
C103219,starter,monthly,us,25,2,20.68,4.1,1,608,0,10,0,0
C103220,starter,monthly,eu,7,10,24.74,13.4,5,1905,0,5,1,1
C103221,growth,monthly,us,3,23,77.71,198.1,8,9991,3,10,2,1
C103222,growth,monthly,eu,37,19,74.95,24.1,10,7059,4,8,1,0
C103223,growth,monthly,us,11,13,70.19,12.0,4,2993,3,4,2,0
C103224,starter,annual,eu,52,2,17.58,15.0,2,396,0,7,3,0
C103225,growth,monthly,eu,10,27,80.24,89.9,6,6844,3,7,1,0
C103226,growth,monthly,eu,15,16,72.68,64.1,6,2073,1,7,3,0
C103227,starter,monthly,us,7,5,22.59,11.5,2,458,1,10,1,1
C103228,growth,monthly,us,18,9,66.36,6.6,8,738,1,10,0,0
C103229,starter,annual,us,12,8,20.37,16.3,5,1654,0,10,1,0
C103230,starter,monthly,eu,13,6,23.08,4.1,5,633,0,8,2,0
C103231,starter,monthly,apac,16,3,21.42,7.6,1,615,2,8,2,1
C103232,growth,monthly,eu,10,22,77.04,64.1,10,16188,2,10,2,1
C103233,starter,monthly,us,18,5,22.59,21.2,3,954,1,5,2,0
C103234,starter,monthly,us,8,2,20.68,4.3,0,555,1,10,2,0
C103235,starter,annual,us,17,9,20.71,29.0,6,1652,0,5,2,1
C103236,enterprise,monthly,eu,3,101,336.96,97.1,30,72175,0,4,2,1
C103237,starter,annual,us,4,2,17.58,9.0,1,2179,1,9,1,0
C103238,starter,monthly,us,7,2,20.68,7.4,3,321,1,4,3,1
C103239,starter,annual,eu,5,6,19.62,6.7,3,2637,0,7,0,1
C103240,enterprise,monthly,us,5,88,324.11,231.1,49,127462,1,10,7,0
C103241,growth,monthly,eu,21,22,77.04,87.1,10,1721,0,5,1,0
C103242,enterprise,annual,us,12,81,269.28,155.1,28,43182,0,10,6,0
C103243,starter,annual,us,10,2,17.58,2.6,1,102,1,3,2,1
C103244,starter,monthly,us,18,5,22.59,11.3,3,1181,0,10,1,0
C103245,growth,annual,us,19,16,61.78,43.9,11,3147,1,4,2,0
C103246,starter,annual,eu,9,3,18.21,3.6,2,153,2,7,1,0
C103247,growth,monthly,us,31,59,95.94,52.9,23,34729,1,8,0,0
C103248,enterprise,annual,eu,12,123,303.4,320.4,53,30962,3,7,2,0
C103249,starter,monthly,us,23,6,23.08,21.0,5,595,1,7,1,0
C103250,enterprise,monthly,us,8,311,482.6,2525.5,109,92030,0,4,3,0
C103251,growth,monthly,us,18,21,76.36,61.8,8,10534,2,10,2,0
C103252,starter,annual,eu,24,4,18.73,3.5,0,189,0,5,2,0
C103253,starter,monthly,eu,22,2,20.68,19.2,3,29,0,5,0,1
C103254,starter,monthly,us,21,3,21.42,13.4,3,684,2,7,2,0
C103255,growth,monthly,eu,8,6,62.88,2.9,1,686,2,6,3,0
C103256,starter,monthly,eu,5,5,22.59,4.9,2,3836,1,9,0,0
C103257,starter,annual,eu,4,2,17.58,3.3,2,351,0,6,1,1
C103258,growth,annual,us,10,28,68.72,92.4,8,8204,0,7,0,0
C103259,starter,monthly,eu,9,3,21.42,1.2,2,600,1,8,3,0
C103260,starter,annual,us,19,4,18.73,7.5,1,231,1,9,3,0
C103261,growth,annual,apac,15,17,62.44,54.6,5,3896,1,6,1,0
C103262,starter,monthly,us,4,7,23.54,1.9,2,482,1,4,1,1
C103263,starter,monthly,eu,27,7,23.54,22.9,2,461,1,6,0,0
C103264,starter,monthly,eu,17,3,21.42,11.7,3,264,1,10,1,0
C103265,starter,monthly,eu,8,2,20.68,2.5,1,169,1,8,3,0
C103266,starter,monthly,us,9,6,23.08,5.3,3,1134,2,7,1,1
C103267,growth,annual,us,37,11,58.11,11.4,7,1736,1,8,1,0
C103268,enterprise,annual,eu,5,36,220.32,10.1,16,10292,1,7,6,0
C103269,starter,monthly,eu,38,5,22.59,8.0,2,279,2,9,0,0
C103270,enterprise,annual,eu,12,147,320.27,309.7,52,25825,0,8,3,0
C103271,growth,annual,eu,12,14,60.39,11.2,3,2030,0,7,4,0
C103272,growth,monthly,apac,18,22,77.04,80.2,7,5862,2,9,3,0
C103273,growth,monthly,eu,3,14,71.05,28.2,9,3918,1,10,0,0
C103274,growth,annual,eu,17,25,67.15,55.2,18,6388,1,5,1,0
C103275,growth,annual,eu,24,31,70.2,42.9,11,2818,2,6,2,0
C103276,starter,monthly,eu,10,3,21.42,10.8,2,726,1,10,3,0
C103277,growth,annual,eu,14,10,57.28,46.9,2,1418,0,9,1,0
C103278,starter,monthly,eu,53,1,19.72,2.1,0,881,0,10,1,0
C103279,starter,annual,eu,26,6,19.62,20.1,4,1513,0,9,2,0
C103280,growth,annual,eu,6,10,57.28,32.6,8,2417,4,8,2,1
C103281,starter,monthly,us,9,4,22.04,11.0,3,294,2,3,2,1
C103282,starter,monthly,us,11,5,22.59,32.3,0,676,0,5,0,1
C103283,starter,monthly,eu,27,3,21.42,3.8,1,896,1,9,3,0
C103284,starter,annual,apac,6,3,18.21,4.8,1,661,2,5,1,1
C103285,growth,annual,eu,22,29,69.22,30.9,6,5932,1,7,0,0
C103286,growth,annual,apac,22,12,58.9,37.5,4,555,3,9,2,1
C103287,starter,monthly,apac,14,2,20.68,3.8,1,236,5,8,2,1
C103288,starter,monthly,eu,28,3,21.42,3.9,5,554,0,8,2,0
C103289,starter,monthly,eu,7,7,23.54,43.6,1,4689,0,10,3,0
C103290,starter,monthly,us,32,8,23.96,54.7,5,330,1,10,3,0
C103291,growth,monthly,eu,2,17,73.46,25.1,6,1481,2,7,1,1
C103292,growth,annual,eu,6,12,58.9,8.7,5,487,2,10,4,1
C103293,starter,monthly,us,3,6,23.08,43.5,2,1836,1,5,1,1
C103294,starter,annual,us,7,1,16.76,3.9,2,785,3,8,1,0
C103295,enterprise,annual,apac,23,90,277.23,218.8,23,27458,2,9,1,0
C103296,growth,annual,us,19,17,62.44,34.0,3,6372,0,7,1,0
C103297,starter,monthly,apac,17,7,23.54,7.8,2,628,3,7,3,1
C103298,starter,annual,us,7,8,20.37,11.5,3,2524,0,5,0,0
C103299,starter,annual,us,14,2,17.58,7.4,1,244,0,7,1,0
C103300,enterprise,monthly,us,32,86,322.05,113.9,32,20018,0,4,4,0
C103301,starter,annual,apac,7,3,18.21,8.7,2,1116,1,7,1,0
C103302,starter,annual,apac,8,3,18.21,6.5,1,546,1,8,0,1
C103303,enterprise,monthly,us,8,108,343.53,93.2,28,49812,0,9,4,0
C103304,growth,monthly,us,16,15,71.88,87.1,14,2891,1,5,0,1
C103305,starter,monthly,us,21,4,22.04,12.4,2,1190,2,8,1,0
C103306,starter,monthly,eu,25,6,23.08,14.9,5,7513,0,9,1,0
C103307,starter,annual,apac,11,8,20.37,22.7,7,2832,0,7,0,1
C103308,growth,monthly,eu,10,20,75.66,10.5,12,2267,2,8,1,0
C103309,starter,monthly,eu,9,4,22.04,5.8,3,604,1,8,3,0
C103310,enterprise,monthly,eu,20,45,272.8,28.2,17,21832,2,2,4,0
C103311,enterprise,monthly,us,3,176,398.72,346.8,67,99095,0,5,3,0
C103312,growth,monthly,us,12,23,77.71,53.3,9,4945,1,10,0,0
C103313,growth,monthly,eu,13,19,74.95,38.9,7,1070,1,9,1,0
C103314,starter,monthly,eu,23,4,22.04,18.7,0,395,0,6,0,0
C103315,starter,monthly,eu,4,4,22.04,2.9,3,1094,1,8,2,0
C103316,growth,annual,eu,24,26,67.68,27.3,8,9728,0,9,2,0
C103317,starter,annual,eu,19,6,19.62,15.8,4,3384,1,10,3,0
C103318,starter,monthly,us,45,8,23.96,18.5,4,291,0,7,1,0
C103319,starter,monthly,eu,40,4,22.04,3.3,2,2038,1,6,1,1
C103320,starter,monthly,eu,30,9,24.36,39.7,2,7333,0,6,1,0
C103321,starter,monthly,eu,2,6,23.08,34.8,0,159,1,6,2,1
C103322,growth,monthly,us,5,17,73.46,42.6,5,3772,2,6,1,1
C103323,growth,annual,apac,28,7,54.5,4.7,6,3145,2,8,0,0
C103324,growth,annual,eu,12,18,63.08,37.4,7,1126,1,7,2,0
C103325,growth,monthly,eu,40,39,86.87,90.4,17,5506,1,7,1,0
C103326,starter,annual,us,15,2,17.58,3.8,3,811,0,10,2,0
C103327,growth,monthly,eu,22,18,74.21,85.8,7,2505,0,5,1,1
C103328,growth,monthly,us,21,19,74.95,32.5,7,3049,1,8,1,1
C103329,starter,monthly,apac,14,6,23.08,51.5,7,1671,2,5,2,1
C103330,enterprise,monthly,us,28,65,298.8,204.2,23,5007,2,9,2,0
C103331,starter,annual,apac,23,2,17.58,5.6,3,188,0,10,3,0
C103332,starter,monthly,eu,5,5,22.59,19.0,2,1753,3,6,1,1
C103333,starter,annual,eu,56,2,17.58,13.4,2,1151,1,6,3,0
C103334,starter,monthly,eu,5,1,19.72,5.3,1,386,0,9,0,1
C103335,starter,annual,eu,8,10,21.03,18.0,3,7660,1,7,1,0
C103336,growth,annual,eu,22,28,68.72,32.4,6,9060,2,10,1,0
C103337,enterprise,monthly,us,19,205,418.9,168.7,71,238012,1,5,1,0
C103338,starter,monthly,us,25,6,23.08,2.1,4,1454,2,10,0,1
C103339,growth,annual,eu,12,25,67.15,52.0,17,6967,1,10,0,1
C103340,starter,monthly,us,20,4,22.04,6.3,2,1337,4,8,2,1
C103341,growth,monthly,eu,8,16,72.68,23.6,5,2029,5,6,0,1
C103342,starter,annual,eu,15,5,19.2,20.5,3,572,2,6,1,0
C103343,starter,monthly,eu,37,3,21.42,5.9,1,316,0,7,2,0
C103344,growth,monthly,us,5,10,67.39,71.6,6,1364,1,9,3,0
C103345,growth,monthly,us,29,15,71.88,18.7,4,21599,1,4,1,1
C103346,growth,monthly,us,13,34,84.25,31.5,13,38792,0,7,0,0
C103347,growth,monthly,eu,7,9,66.36,7.1,4,1511,2,8,2,0
C103348,growth,monthly,eu,7,9,66.36,28.5,8,1390,3,10,4,0
C103349,starter,monthly,apac,12,5,22.59,22.4,5,167,0,10,1,0
C103350,starter,monthly,eu,30,3,21.42,4.2,3,290,2,7,0,0
C103351,starter,monthly,eu,20,5,22.59,4.7,4,555,2,5,2,1
C103352,starter,annual,eu,4,6,19.62,34.4,1,922,0,8,1,0
C103353,starter,monthly,eu,28,5,22.59,3.6,3,689,1,8,2,0
C103354,starter,monthly,us,25,2,20.68,9.3,0,594,1,10,1,0
C103355,starter,monthly,eu,3,7,23.54,9.1,4,3194,0,6,1,0
C103356,growth,annual,us,6,26,67.68,63.1,9,2997,0,5,1,0
C103357,starter,monthly,apac,32,4,22.04,17.4,2,3389,1,7,1,1
C103358,growth,monthly,eu,14,17,73.46,44.1,8,5173,3,7,1,0
C103359,growth,annual,eu,28,21,64.91,31.6,6,10388,1,7,0,0
C103360,starter,monthly,us,1,3,21.42,17.0,2,478,0,6,2,1
C103361,starter,annual,us,1,1,16.76,3.4,3,442,1,5,1,1
C103362,growth,annual,apac,23,26,67.68,629.4,9,8678,3,9,2,0
C103363,growth,annual,eu,9,25,67.15,13.9,10,20793,3,8,1,0
C103364,starter,monthly,us,24,1,19.72,0.8,1,486,0,6,5,0
C103365,starter,monthly,apac,28,5,22.59,20.1,2,2480,2,9,3,1
C103366,growth,monthly,eu,9,43,88.84,76.7,18,5908,1,4,2,1
C103367,growth,annual,us,13,10,57.28,33.1,5,6601,2,7,6,0
C103368,starter,annual,us,11,3,18.21,3.0,2,225,0,8,1,0
C103369,starter,annual,us,9,3,18.21,6.6,5,424,1,10,1,0
C103370,enterprise,monthly,eu,17,183,403.73,455.1,75,51923,0,6,13,0
C103371,starter,annual,eu,26,7,20.01,9.3,1,563,2,10,2,0
C103372,enterprise,monthly,eu,8,51,281.12,109.2,19,4910,3,6,4,0
C103373,starter,annual,apac,8,4,18.73,3.2,0,405,1,9,0,0
C103374,growth,monthly,eu,9,56,94.69,134.2,24,17393,1,10,2,0
C103375,starter,monthly,eu,22,2,20.68,12.7,0,425,0,5,1,0
C103376,starter,monthly,apac,28,3,21.42,2.7,1,1690,1,8,3,0
C103377,enterprise,annual,eu,11,103,288.03,75.1,17,123388,1,9,5,0
C103378,starter,monthly,us,2,2,20.68,10.6,1,625,0,5,2,1
C103379,enterprise,monthly,eu,6,193,410.73,138.7,62,26827,1,8,7,0
C103380,starter,monthly,us,10,3,21.42,11.5,4,989,2,6,2,0
C103381,enterprise,monthly,eu,7,39,263.9,74.0,6,3854,2,6,9,0
C103382,enterprise,annual,us,4,61,249.86,82.7,23,12720,3,7,5,1
C103383,growth,monthly,us,15,24,78.36,123.4,14,48880,2,6,2,0
C103384,starter,monthly,eu,65,2,20.68,8.8,1,408,0,9,1,0
C103385,growth,annual,eu,6,20,64.31,45.0,7,5843,2,7,1,1
C103386,growth,monthly,eu,17,23,77.71,9.4,10,4419,3,10,1,1
C103387,enterprise,monthly,us,21,43,269.9,129.1,12,6578,0,6,6,0
C103388,starter,monthly,eu,22,3,21.42,3.0,1,1095,2,8,2,0
C103389,starter,monthly,eu,14,4,22.04,7.0,4,296,4,7,1,1
C103390,starter,monthly,eu,5,5,22.59,10.1,2,990,1,5,2,0
C103391,growth,monthly,us,26,13,70.19,92.1,5,858,1,10,2,0
C103392,enterprise,monthly,us,3,86,322.05,130.5,36,76164,1,8,10,0
C103393,starter,annual,eu,13,3,18.21,2.4,1,1726,2,6,1,0
C103394,growth,annual,apac,12,25,67.15,128.7,5,2780,0,8,1,0
C103395,enterprise,annual,us,5,103,288.03,309.8,25,4274,0,10,6,0
C103396,starter,monthly,us,9,3,21.42,10.9,1,1104,2,6,1,0
C103397,starter,monthly,us,22,5,22.59,28.3,5,1106,1,8,1,0
C103398,growth,annual,eu,13,14,60.39,87.5,7,23581,2,10,1,0
C103399,growth,annual,apac,4,22,65.49,21.7,7,17266,2,8,3,1
C103400,starter,monthly,us,24,5,22.59,3.8,4,2037,1,9,1,0
C103401,growth,monthly,us,45,58,95.53,190.1,18,7963,2,7,0,0
C103402,growth,monthly,eu,4,15,71.88,23.3,10,2647,0,4,4,0
C103403,enterprise,monthly,eu,14,74,309.16,119.0,28,21432,1,7,4,0
C103404,enterprise,monthly,us,14,57,288.96,47.2,21,17330,0,6,1,0
C103405,growth,monthly,eu,4,10,67.39,28.6,5,1190,1,7,1,0
C103406,growth,annual,us,33,14,60.39,34.7,9,917,2,6,0,0
C103407,starter,monthly,eu,14,5,22.59,9.0,3,6522,1,8,1,1
C103408,growth,monthly,us,27,26,79.63,18.1,12,5949,2,7,2,0
C103409,starter,monthly,eu,18,4,22.04,19.1,1,1362,3,9,0,0
C103410,growth,annual,eu,32,15,61.1,33.5,4,1548,4,9,2,0
C103411,starter,annual,eu,18,3,18.21,14.0,0,2428,0,5,2,1
C103412,growth,monthly,us,10,11,68.36,4.8,8,6298,3,10,6,0
C103413,starter,monthly,us,21,3,21.42,6.7,2,750,1,6,3,0
C103414,starter,annual,apac,7,2,17.58,2.8,2,592,2,5,0,1
C103415,starter,annual,us,22,7,20.01,13.9,4,2055,0,10,0,0
C103416,growth,monthly,us,6,45,89.8,158.7,15,10869,1,6,2,0
C103417,growth,annual,us,13,6,53.45,15.3,2,2264,0,8,3,0
C103418,starter,monthly,us,11,4,22.04,8.3,2,1305,1,5,1,1
C103419,enterprise,monthly,apac,17,91,327.16,166.3,33,17131,2,7,2,0
C103420,enterprise,monthly,us,36,88,324.11,53.5,37,6781,1,7,2,0
C103421,starter,monthly,eu,9,2,20.68,2.4,1,479,1,7,2,0
C103422,growth,monthly,us,26,30,82.02,120.6,10,13064,0,6,2,0
C103423,starter,monthly,eu,33,4,22.04,5.8,1,1703,0,7,2,1
C103424,starter,annual,eu,25,6,19.62,26.2,4,4464,1,9,1,0
C103425,growth,monthly,us,17,12,69.29,40.3,3,9640,0,5,1,0
C103426,starter,annual,us,16,2,17.58,8.5,2,921,0,2,3,0
C103427,enterprise,monthly,eu,8,99,335.04,226.2,33,25842,2,10,2,0
C103428,enterprise,monthly,eu,3,49,278.4,65.7,25,14753,1,6,7,1
C103429,growth,annual,apac,15,30,69.71,49.5,15,3966,3,6,6,0
C103430,growth,annual,eu,35,6,53.45,18.5,5,2813,2,6,2,0
C103431,growth,annual,eu,38,14,60.39,5.9,4,10302,1,5,1,0
C103432,enterprise,annual,us,4,58,246.69,251.7,21,32710,0,7,3,0
C103433,starter,monthly,us,37,3,21.42,4.5,1,1171,2,7,1,0
C103434,starter,monthly,us,21,4,22.04,7.7,2,749,4,8,2,1
C103435,growth,monthly,us,20,21,76.36,36.7,5,3390,1,6,0,0
C103436,starter,monthly,eu,35,5,22.59,9.7,0,996,1,2,1,0
C103437,starter,monthly,eu,28,5,22.59,4.0,4,596,1,5,2,1
C103438,starter,monthly,us,6,3,21.42,7.1,0,909,0,10,4,0
C103439,growth,annual,us,8,51,78.65,140.7,20,910,1,6,2,0
C103440,starter,annual,eu,3,8,20.37,3.7,2,1115,3,9,0,1
C103441,starter,annual,eu,19,3,18.21,2.6,2,755,0,6,1,0
C103442,starter,annual,eu,7,3,18.21,12.0,3,6746,1,9,2,0
C103443,starter,monthly,eu,10,3,21.42,10.5,2,713,1,8,1,0
C103444,enterprise,monthly,eu,32,95,331.14,212.0,33,21743,2,4,2,1
C103445,starter,annual,eu,21,2,17.58,2.9,4,231,0,5,0,0
C103446,growth,annual,us,21,12,58.9,37.3,2,12643,3,4,2,0
C103447,growth,monthly,eu,55,6,62.88,5.1,4,659,2,9,0,0
C103448,starter,monthly,us,1,3,21.42,5.8,2,4424,1,5,2,1
C103449,growth,monthly,us,7,30,82.02,22.0,11,3417,2,7,2,0
C103450,growth,monthly,us,11,16,72.68,26.6,5,8331,0,7,1,0
C103451,growth,monthly,apac,7,17,73.46,15.4,4,3601,3,8,2,1
C103452,starter,monthly,eu,27,4,22.04,13.9,2,561,4,6,0,1
C103453,starter,monthly,eu,12,2,20.68,6.2,0,1216,2,4,2,1
C103454,enterprise,annual,us,5,81,269.28,98.5,27,59073,1,5,8,0
C103455,growth,monthly,eu,18,28,80.84,110.3,8,5255,1,5,2,1
C103456,enterprise,annual,eu,20,93,279.78,86.2,27,20068,0,2,1,0
C103457,enterprise,annual,eu,6,130,308.48,229.3,59,19763,2,8,7,1
C103458,starter,monthly,apac,13,7,23.54,8.8,2,1945,0,8,1,1
C103459,growth,annual,eu,20,25,67.15,77.3,9,2072,1,5,3,0
C103460,starter,monthly,us,33,2,20.68,7.2,2,43,1,10,1,0
C103461,growth,monthly,eu,8,15,71.88,69.7,6,622,0,7,3,0
C103462,starter,monthly,us,22,10,24.74,20.1,5,1844,2,9,1,1
C103463,starter,annual,eu,9,4,18.73,1.0,6,355,2,9,1,1
C103464,growth,annual,apac,15,19,63.71,26.0,9,3805,3,7,1,0
C103465,growth,monthly,us,6,11,68.36,62.2,2,1557,2,3,0,1
C103466,growth,monthly,eu,22,17,73.46,25.2,12,2007,1,8,2,0
C103467,starter,monthly,eu,29,5,22.59,2.6,2,641,0,9,1,0
C103468,starter,annual,us,13,4,18.73,11.2,2,2221,1,6,2,0
C103469,enterprise,monthly,us,12,61,293.96,159.9,21,16647,0,8,3,0
C103470,starter,monthly,eu,11,3,21.42,3.8,4,2904,0,7,1,0
C103471,starter,annual,eu,5,7,20.01,11.4,4,1745,0,5,2,1
C103472,growth,monthly,eu,25,25,79.0,25.4,10,995,1,7,0,0
C103473,starter,monthly,eu,33,5,22.59,14.4,4,449,0,6,0,1
C103474,growth,monthly,eu,8,22,77.04,42.2,12,5424,1,8,2,0
C103475,starter,monthly,eu,17,2,20.68,2.0,0,609,0,6,0,0
C103476,growth,monthly,eu,21,20,75.66,36.8,7,2626,1,6,3,1
C103477,enterprise,monthly,apac,9,136,367.91,147.1,51,14644,2,4,3,1
C103478,enterprise,monthly,us,38,70,304.64,353.2,24,8939,3,10,0,0
C103479,growth,annual,us,17,29,69.22,99.4,13,5646,0,6,2,0
C103480,starter,monthly,us,4,5,22.59,9.2,2,1100,1,5,3,0
C103481,growth,annual,us,31,27,68.2,52.5,6,2230,1,9,3,0
C103482,growth,monthly,eu,14,18,74.21,67.9,8,5005,0,8,3,0
C103483,growth,annual,us,10,28,68.72,45.5,5,7687,2,9,3,0
C103484,growth,monthly,eu,23,8,65.28,26.2,1,1639,1,9,4,0
C103485,growth,annual,us,9,18,63.08,93.9,9,2153,0,10,0,0
C103486,growth,monthly,apac,37,25,79.0,32.6,11,10158,3,5,0,1
C103487,growth,monthly,apac,31,20,75.66,117.1,8,14646,4,8,2,0
C103488,starter,monthly,eu,40,6,23.08,30.5,2,915,0,4,0,1
C103489,starter,monthly,us,53,3,21.42,7.6,2,403,1,7,1,0
C103490,growth,annual,eu,21,13,59.66,17.9,6,4426,1,9,2,0
C103491,starter,annual,eu,15,1,16.76,3.3,0,94,0,6,1,0
C103492,enterprise,annual,eu,9,69,257.96,105.5,30,4828,2,10,3,0
C103493,growth,monthly,eu,22,23,77.71,24.3,9,2850,3,7,0,1
C103494,starter,annual,us,52,5,19.2,14.5,2,1519,1,4,2,1
C103495,growth,annual,eu,5,8,55.48,7.5,3,819,3,9,1,1
C103496,growth,monthly,eu,18,32,83.15,46.2,13,6971,1,10,1,0
C103497,growth,monthly,apac,4,11,68.36,16.6,3,405,0,3,1,0
C103498,starter,annual,us,4,3,18.21,2.5,0,1237,2,9,2,1
C103499,enterprise,monthly,eu,33,60,292.72,172.8,22,48444,0,5,2,0
C103500,starter,monthly,us,30,4,22.04,7.0,3,410,1,7,0,0
C103501,growth,annual,us,9,18,63.08,82.9,13,5980,2,5,2,0
C103502,starter,monthly,us,6,5,22.59,8.4,2,954,2,9,3,0
C103503,growth,monthly,us,41,45,89.8,61.7,17,10948,0,7,1,0
C103504,growth,monthly,apac,6,21,76.36,20.6,9,3743,0,10,2,0
C103505,growth,annual,eu,4,13,59.66,25.1,4,2214,1,5,3,0
C103506,starter,annual,us,6,5,19.2,10.3,2,543,2,7,5,1
C103507,growth,annual,eu,20,47,77.12,143.9,11,3886,1,3,0,0
C103508,growth,annual,apac,58,24,66.61,46.3,10,14336,3,10,1,0
C103509,starter,monthly,eu,9,6,23.08,51.1,3,302,1,10,1,0
C103510,enterprise,monthly,eu,33,36,259.2,90.6,11,7837,2,10,2,0
C103511,growth,monthly,apac,16,21,76.36,19.4,9,4408,3,10,2,0
C103512,enterprise,monthly,us,2,69,303.49,59.1,22,14600,2,6,3,1
C103513,enterprise,annual,eu,9,56,244.53,148.0,21,22503,1,7,5,0
C103514,enterprise,annual,eu,30,79,267.46,70.2,30,12485,3,8,3,0
C103515,growth,monthly,eu,29,19,74.95,53.4,10,7613,1,8,1,0
C103516,growth,annual,apac,8,13,59.66,45.7,7,17382,0,5,1,0
C103517,starter,annual,eu,25,4,18.73,15.6,1,811,3,5,2,1
C103518,growth,monthly,eu,13,16,72.68,16.2,10,573,1,5,1,1
C103519,growth,monthly,us,19,25,79.0,87.7,7,4882,2,7,0,0
C103520,growth,monthly,eu,34,20,75.66,46.4,4,3583,3,7,1,0
C103521,enterprise,monthly,eu,9,96,332.12,113.6,39,30399,1,6,4,0
C103522,starter,monthly,apac,11,6,23.08,10.6,8,228,0,8,1,0
C103523,starter,monthly,eu,35,5,22.59,13.9,2,1540,0,4,3,0
C103524,growth,monthly,apac,54,17,73.46,19.7,8,2594,1,6,3,0
C103525,starter,monthly,us,27,1,19.72,3.5,0,556,0,6,1,1
C103526,starter,annual,eu,18,5,19.2,27.5,5,721,0,9,3,0
C103527,starter,annual,us,27,2,17.58,9.0,1,1070,0,8,4,0
C103528,growth,monthly,us,9,17,73.46,33.5,13,973,2,8,0,0
C103529,starter,monthly,us,15,4,22.04,9.7,0,945,0,5,2,0
C103530,starter,monthly,us,3,7,23.54,9.3,4,663,0,7,0,1
C103531,starter,monthly,eu,9,10,24.74,13.3,4,1450,1,6,1,0
C103532,starter,monthly,eu,20,2,20.68,1.6,0,5667,0,6,2,0
C103533,starter,monthly,us,17,2,20.68,5.5,2,208,2,8,2,1
C103534,growth,monthly,eu,1,21,76.36,62.6,13,3340,1,6,1,1
C103535,growth,annual,eu,12,20,64.31,35.2,6,1590,2,7,1,0
C103536,starter,monthly,us,17,2,20.68,2.5,5,372,2,7,7,0
C103537,growth,annual,eu,17,17,62.44,33.1,7,3311,1,5,0,0
C103538,starter,monthly,us,4,5,22.59,25.6,2,594,0,6,0,1
C103539,starter,monthly,us,25,2,20.68,8.6,1,2025,0,6,3,0
C103540,enterprise,annual,us,49,48,235.47,85.6,19,30008,1,7,7,0
C103541,growth,monthly,eu,27,13,70.19,102.3,6,1241,0,4,1,0
C103542,enterprise,annual,eu,15,71,259.91,851.8,23,32681,1,6,3,0
C103543,starter,annual,us,42,5,19.2,7.1,2,747,2,9,3,0
C103544,starter,monthly,eu,9,3,21.42,5.4,2,235,0,8,1,0
C103545,starter,monthly,us,23,4,22.04,13.3,3,487,1,7,0,0
C103546,starter,monthly,us,14,12,25.44,11.9,3,869,1,5,1,1
C103547,enterprise,monthly,eu,42,49,278.4,161.6,24,25264,1,8,5,0
C103548,starter,monthly,eu,7,2,20.68,4.9,4,223,3,9,2,1
C103549,enterprise,monthly,us,6,112,347.19,262.8,50,78706,2,10,2,1
C103550,enterprise,annual,eu,35,131,309.19,158.3,44,32772,1,6,1,0
C103551,growth,annual,apac,22,22,65.49,23.4,5,3401,3,5,3,1
C103552,starter,monthly,us,37,9,24.36,4.3,2,1292,0,8,2,1
C103553,growth,monthly,eu,7,21,76.36,109.7,10,22613,1,8,2,0
C103554,starter,annual,us,8,1,16.76,5.4,2,273,1,7,0,0
C103555,growth,annual,eu,19,18,63.08,53.5,5,2547,2,6,0,0
C103556,starter,monthly,eu,4,3,21.42,8.2,0,1531,1,5,0,1
C103557,enterprise,monthly,apac,18,159,386.1,57.2,53,59335,1,9,5,0
C103558,growth,annual,us,11,29,69.22,31.4,15,2642,2,9,1,0
C103559,growth,annual,us,14,8,55.48,12.9,1,1819,2,7,1,0
C103560,growth,annual,us,25,35,72.07,30.0,10,1522,2,10,4,0
C103561,growth,monthly,us,26,28,80.84,15.7,14,6026,3,8,1,0
C103562,enterprise,monthly,eu,47,68,302.33,62.3,23,19916,2,7,1,1
C103563,starter,monthly,eu,32,3,21.42,6.6,3,1062,1,5,1,1
C103564,enterprise,monthly,eu,2,160,386.86,299.2,40,14338,1,4,5,0
C103565,growth,annual,eu,7,6,53.45,22.3,5,705,2,6,3,0
C103566,enterprise,monthly,us,8,99,335.04,759.6,44,27274,1,8,1,0
C103567,starter,annual,us,30,6,19.62,19.1,2,4222,1,10,1,0
C103568,growth,annual,eu,43,17,62.44,27.9,6,4117,0,8,0,0
C103569,starter,annual,us,5,5,19.2,35.3,2,696,0,9,3,0
C103570,growth,annual,us,30,18,63.08,11.0,7,9602,1,6,1,0
C103571,starter,annual,apac,15,2,17.58,1.1,1,550,0,8,1,0
C103572,starter,monthly,eu,14,2,20.68,2.5,0,576,1,8,3,0
C103573,starter,monthly,apac,9,5,22.59,17.7,1,2358,1,5,1,1
C103574,starter,monthly,us,12,2,20.68,5.2,2,449,0,10,1,1
C103575,starter,annual,eu,18,1,16.76,1.3,1,117,0,7,2,0
C103576,growth,annual,eu,10,19,63.71,21.2,9,3681,0,10,0,0
C103577,starter,monthly,eu,21,3,21.42,2.7,6,1932,0,7,1,0
C103578,growth,monthly,us,14,9,66.36,7.2,7,11150,2,7,2,0
C103579,starter,monthly,us,13,4,22.04,24.3,4,311,1,6,4,0
C103580,growth,monthly,us,24,26,79.63,43.2,11,25184,2,7,2,0
C103581,growth,annual,us,19,18,63.08,115.3,4,2882,2,10,3,0
C103582,starter,monthly,eu,1,2,20.68,2.5,1,499,0,6,3,0
C103583,growth,annual,eu,21,22,65.49,57.3,13,22580,0,9,0,0
C103584,enterprise,monthly,apac,19,134,366.26,283.9,50,20423,2,7,4,0
C103585,growth,monthly,apac,33,54,93.84,181.8,21,9319,1,9,2,0
C103586,starter,monthly,us,19,8,23.96,18.4,4,1015,0,8,2,0
C103587,starter,annual,eu,12,2,17.58,9.2,1,507,0,5,0,0
C103588,growth,monthly,eu,9,27,80.24,73.1,10,7930,1,8,2,0
C103589,starter,monthly,eu,3,4,22.04,3.8,2,501,1,10,3,0
C103590,growth,monthly,eu,15,10,67.39,31.7,3,8300,2,8,1,0
C103591,starter,annual,eu,8,4,18.73,7.6,1,475,0,9,2,0
C103592,growth,annual,apac,37,46,76.72,48.7,15,15927,1,8,2,0
C103593,starter,annual,us,16,7,20.01,22.1,3,1628,1,9,5,0
C103594,starter,monthly,eu,6,2,20.68,8.8,1,1501,0,6,2,0
C103595,enterprise,annual,eu,2,80,268.37,103.4,28,8561,2,7,4,0
C103596,enterprise,monthly,eu,3,102,337.91,144.4,46,37651,2,9,5,0
C103597,enterprise,annual,us,20,33,216.15,22.9,8,64600,0,7,3,0
C103598,enterprise,monthly,us,39,34,255.95,17.6,15,2057,1,10,6,0
C103599,starter,monthly,eu,23,4,22.04,6.9,1,413,3,5,2,1
C103600,starter,annual,us,14,4,18.73,14.3,0,6068,0,8,0,0
C103601,starter,annual,eu,55,1,16.76,1.9,1,239,1,7,1,0
C103602,growth,monthly,eu,27,21,76.36,105.4,11,5173,1,10,2,0
C103603,starter,monthly,apac,19,6,23.08,10.2,6,1016,1,7,2,0
C103604,enterprise,annual,eu,11,71,259.91,111.9,31,69444,2,8,3,0
C103605,starter,annual,eu,41,4,18.73,6.7,3,218,1,3,3,0
C103606,starter,annual,us,12,5,19.2,19.9,2,3501,1,5,2,1
C103607,starter,monthly,eu,8,4,22.04,4.2,3,246,1,8,2,1
C103608,starter,monthly,eu,14,1,19.72,2.6,0,66,0,7,2,0
C103609,starter,annual,eu,17,2,17.58,3.1,1,184,2,7,2,0
C103610,growth,annual,eu,29,14,60.39,17.7,6,2790,1,7,1,0
C103611,starter,annual,us,7,2,17.58,4.7,1,258,1,7,0,0
C103612,growth,annual,eu,9,37,72.97,62.4,15,4082,3,4,0,1
C103613,enterprise,monthly,us,9,109,344.45,411.7,48,10428,2,7,3,0
C103614,growth,monthly,apac,14,10,67.39,18.9,4,992,0,7,0,0
C103615,growth,annual,eu,6,16,61.78,43.9,4,1542,2,10,2,0
C103616,starter,monthly,eu,36,7,23.54,15.3,5,1964,0,9,0,0
C103617,starter,annual,eu,3,2,17.58,12.3,2,276,1,1,4,0
C103618,starter,annual,eu,42,6,19.62,9.5,0,124,1,6,1,0
C103619,enterprise,annual,eu,27,159,328.19,232.9,72,33874,0,10,7,0
C103620,growth,monthly,us,7,33,83.71,101.7,7,14350,3,9,1,0
C103621,starter,annual,eu,13,4,18.73,6.6,4,724,0,8,2,0
C103622,starter,monthly,us,8,7,23.54,19.3,0,511,2,6,3,0
C103623,growth,monthly,us,27,13,70.19,125.4,8,5690,0,9,1,0
C103624,growth,monthly,us,39,62,97.16,56.7,22,3980,2,4,1,0
C103625,growth,monthly,eu,72,20,75.66,108.1,7,3333,1,6,1,0
C103626,enterprise,annual,eu,22,141,316.19,180.5,40,30465,2,8,5,0
C103627,growth,annual,apac,3,15,61.1,71.4,7,8848,3,9,2,1
C103628,growth,monthly,eu,7,23,77.71,68.5,8,8595,0,8,0,0
C103629,starter,annual,us,21,5,19.2,15.2,2,1425,3,8,0,1
C103630,starter,monthly,us,13,2,20.68,4.1,6,1132,1,8,4,0
C103631,enterprise,annual,us,26,49,236.64,74.9,30,3819,2,7,6,1
C103632,growth,annual,eu,19,16,61.78,18.0,3,14799,0,10,0,0
C103633,starter,monthly,eu,7,6,23.08,11.9,5,87,0,10,2,0
C103634,growth,monthly,us,12,7,64.12,12.0,2,5747,3,7,2,0
C103635,starter,monthly,us,27,3,21.42,7.3,2,333,3,5,1,1
C103636,growth,monthly,us,20,34,84.25,23.2,16,10602,0,7,1,0
C103637,starter,annual,us,27,2,17.58,4.7,2,1804,0,8,3,0
C103638,growth,monthly,apac,5,33,83.71,146.2,12,12111,1,3,2,1
C103639,growth,monthly,apac,8,10,67.39,36.8,5,3146,0,10,3,0
C103640,starter,monthly,us,35,2,20.68,4.7,1,1069,0,6,2,0
C103641,starter,annual,eu,5,3,18.21,38.5,0,187,1,6,5,0
C103642,growth,monthly,eu,25,45,89.8,54.7,16,3006,2,7,0,1
C103643,starter,annual,us,4,2,17.58,4.3,3,626,2,6,1,1
C103644,starter,annual,us,17,1,16.76,1.0,0,226,3,8,3,0
C103645,growth,monthly,eu,10,8,65.28,11.6,6,1366,2,9,1,1
C103646,starter,monthly,us,7,6,23.08,41.2,0,4175,1,10,2,0
C103647,starter,monthly,eu,18,2,20.68,3.6,0,1381,0,9,2,0
C103648,starter,monthly,eu,33,7,23.54,4.7,4,694,0,5,1,1
C103649,enterprise,annual,us,9,82,270.18,273.6,31,26938,0,7,5,0
C103650,starter,annual,eu,2,3,18.21,8.4,4,174,0,8,5,0
C103651,starter,monthly,us,14,4,22.04,14.7,1,223,1,8,2,0
C103652,starter,monthly,us,7,2,20.68,3.7,2,219,0,8,3,0
C103653,starter,monthly,us,28,4,22.04,4.1,2,887,2,8,1,0
C103654,starter,monthly,eu,10,2,20.68,4.0,0,272,2,7,0,1
C103655,starter,annual,us,9,7,20.01,20.1,3,2386,1,9,3,0
C103656,starter,annual,eu,11,2,17.58,4.4,1,483,1,7,1,0
C103657,starter,annual,us,33,4,18.73,10.8,5,2535,0,9,0,0
C103658,enterprise,monthly,eu,21,47,275.63,58.8,15,16978,1,9,4,0
C103659,starter,monthly,apac,6,3,21.42,8.6,0,279,0,10,0,0
C103660,starter,monthly,us,5,3,21.42,6.4,3,1597,2,8,0,1
C103661,enterprise,annual,eu,41,355,429.89,390.5,113,35977,1,10,3,0
C103662,enterprise,annual,eu,9,79,267.46,157.9,26,25242,1,7,1,0
C103663,growth,annual,eu,34,11,58.11,15.9,4,1586,1,8,1,0
C103664,starter,monthly,us,13,3,21.42,9.9,0,2338,1,9,3,0
C103665,starter,monthly,us,8,1,19.72,5.2,2,521,1,5,1,1
C103666,starter,annual,us,8,3,18.21,9.1,1,381,4,7,3,0
C103667,starter,monthly,apac,14,10,24.74,6.0,5,1590,2,6,2,1
C103668,starter,annual,us,2,4,18.73,4.2,3,17634,1,7,0,1
C103669,growth,monthly,us,8,28,80.84,32.9,13,1996,0,6,2,0
C103670,starter,annual,eu,52,2,17.58,2.6,0,256,0,8,0,0
C103671,growth,monthly,us,62,16,72.68,20.4,4,1952,2,7,3,0
C103672,starter,annual,us,9,4,18.73,15.7,2,328,0,7,0,0
C103673,starter,monthly,us,25,2,20.68,7.5,0,190,0,8,1,0
C103674,growth,monthly,eu,21,21,76.36,28.8,7,4235,0,6,0,0
C103675,enterprise,monthly,eu,5,108,343.53,295.7,43,36561,1,6,5,0
C103676,starter,monthly,eu,25,5,22.59,12.6,1,274,1,5,1,1
C103677,growth,annual,apac,11,16,61.78,29.1,10,2273,1,4,1,0
C103678,starter,annual,us,16,6,19.62,26.4,2,664,2,6,2,0
C103679,starter,annual,eu,28,3,18.21,4.0,1,248,2,9,2,0
C103680,growth,annual,eu,12,15,61.1,29.1,6,8208,2,7,2,0
C103681,starter,annual,us,12,8,20.37,7.4,6,909,0,7,1,1
C103682,starter,monthly,apac,23,2,20.68,2.3,2,143,3,7,1,1
C103683,starter,annual,apac,35,1,16.76,1.1,2,596,0,10,1,0
C103684,starter,monthly,us,22,2,20.68,2.3,2,1511,0,8,3,0
C103685,starter,annual,us,12,4,18.73,8.7,6,1152,0,6,3,0
C103686,starter,monthly,eu,32,7,23.54,11.0,3,682,0,5,3,0
C103687,enterprise,annual,eu,20,57,245.61,85.8,15,9806,3,10,4,0
C103688,growth,monthly,us,40,44,89.32,65.0,20,5396,2,4,4,1
C103689,starter,monthly,us,47,4,22.04,28.4,4,890,0,6,1,0
C103690,starter,monthly,eu,22,3,21.42,2.9,0,1352,4,6,2,0
C103691,growth,monthly,us,38,11,68.36,8.7,4,2415,2,7,1,0
C103692,starter,monthly,eu,39,10,24.74,10.5,6,2243,0,8,3,0
C103693,growth,monthly,eu,14,16,72.68,28.3,8,2250,1,8,2,1
C103694,growth,monthly,eu,39,9,66.36,24.7,2,3693,3,7,1,0
C103695,starter,monthly,us,17,13,25.76,37.6,7,4054,1,4,0,1
C103696,starter,monthly,us,27,4,22.04,15.9,3,178,0,10,2,0
C103697,starter,annual,us,15,5,19.2,9.3,7,231,1,8,3,0
C103698,starter,monthly,us,4,9,24.36,13.0,6,1506,1,9,3,0
C103699,starter,monthly,us,57,5,22.59,31.4,1,2755,1,6,2,0
C103700,enterprise,monthly,eu,26,130,362.91,33.5,50,81870,3,7,5,0
C103701,starter,monthly,us,27,4,22.04,8.6,0,1848,0,10,6,0
C103702,growth,monthly,eu,18,25,79.0,62.2,10,4846,0,3,1,1
C103703,growth,annual,us,39,17,62.44,117.3,10,14165,3,9,2,0
C103704,starter,monthly,eu,14,3,21.42,2.0,5,371,0,7,3,0
C103705,starter,monthly,eu,15,4,22.04,6.1,0,684,0,8,3,0
C103706,starter,monthly,us,6,3,21.42,2.5,2,198,2,10,2,0
C103707,growth,monthly,eu,19,23,77.71,12.0,9,3745,2,6,2,0
C103708,starter,monthly,us,37,5,22.59,8.7,2,530,3,2,3,1
C103709,growth,annual,us,14,27,68.2,88.9,12,23907,0,5,2,1
C103710,enterprise,monthly,us,5,110,345.37,462.9,41,81070,0,7,6,0
C103711,growth,annual,eu,32,48,77.51,60.2,15,11232,1,10,3,0
C103712,enterprise,monthly,eu,23,135,367.08,389.1,61,45290,0,7,7,0
C103713,growth,monthly,eu,52,16,72.68,25.9,13,2073,1,10,1,0
C103714,enterprise,monthly,us,8,100,336.0,267.2,38,2249,2,3,4,0
C103715,growth,monthly,apac,26,36,85.32,147.6,18,4013,0,6,5,0
C103716,growth,monthly,eu,5,11,68.36,18.2,3,4842,1,10,2,0
C103717,growth,annual,us,16,49,77.89,189.6,13,16065,0,9,2,0
C103718,enterprise,annual,us,18,54,242.33,42.0,28,8383,2,3,1,1
C103719,starter,monthly,apac,3,6,23.08,18.7,2,2665,1,6,2,0
C103720,growth,monthly,eu,35,18,74.21,68.9,4,2625,2,7,1,0
C103721,growth,annual,us,29,17,62.44,60.6,8,1357,2,6,2,0
C103722,enterprise,monthly,us,23,41,266.94,32.6,15,17648,3,10,7,0
C103723,starter,monthly,eu,5,6,23.08,10.2,1,790,1,7,4,0
C103724,growth,annual,eu,9,9,56.41,21.3,7,5114,1,4,1,0
C103725,growth,monthly,eu,31,8,65.28,21.0,5,300,2,8,2,0
C103726,enterprise,monthly,us,16,142,372.79,278.3,63,18741,1,8,4,0
C103727,starter,monthly,us,13,9,24.36,46.8,1,3475,2,5,2,1
C103728,growth,monthly,us,38,12,69.29,9.1,6,4196,4,6,1,0
C103729,growth,monthly,eu,18,29,81.43,45.0,6,5270,2,6,2,1
C103730,enterprise,annual,apac,6,119,300.43,66.0,41,33971,1,10,0,0
C103731,enterprise,monthly,eu,31,76,311.38,212.9,22,19025,4,7,3,0
C103732,growth,monthly,apac,5,35,84.79,94.4,21,2029,1,3,2,1
C103733,growth,monthly,eu,16,16,72.68,310.6,5,2574,5,5,4,0
C103734,starter,annual,us,20,5,19.2,20.5,3,1411,1,9,1,0
C103735,enterprise,monthly,apac,27,42,268.43,96.6,9,14651,2,7,3,1
C103736,starter,annual,us,4,2,17.58,5.5,2,462,0,5,4,1
C103737,growth,monthly,us,1,32,83.15,47.0,10,4314,1,7,2,0
C103738,growth,monthly,eu,1,23,77.71,46.5,8,1537,2,9,2,1
C103739,starter,monthly,us,41,3,21.42,7.8,1,1398,0,10,2,0
C103740,starter,monthly,us,3,10,24.74,4.8,5,4013,0,7,1,0
C103741,starter,monthly,eu,49,10,24.74,21.8,1,5471,2,8,1,0
C103742,enterprise,annual,apac,33,99,284.78,192.3,38,8271,3,7,4,0
C103743,growth,annual,eu,7,8,55.48,52.6,2,2020,1,8,3,0
C103744,starter,annual,eu,2,3,18.21,5.8,2,381,0,5,1,1
C103745,growth,monthly,apac,17,11,68.36,12.2,4,2575,0,10,0,0
C103746,starter,monthly,eu,10,4,22.04,9.9,2,12723,2,6,1,0
C103747,enterprise,annual,eu,38,50,237.8,95.9,19,24921,1,5,6,0
C103748,starter,monthly,eu,19,2,20.68,4.2,1,248,0,6,2,0
C103749,starter,annual,us,16,1,16.76,1.1,1,215,1,9,2,1
C103750,starter,annual,apac,13,4,18.73,7.4,1,671,0,6,2,0
C103751,growth,monthly,eu,27,5,61.53,6.7,4,1286,1,10,1,0
C103752,starter,annual,us,15,3,18.21,5.5,4,180,0,9,2,0
C103753,growth,annual,us,55,25,67.15,76.8,10,7427,1,9,1,0
C103754,starter,monthly,us,3,2,20.68,2.9,2,73,0,7,0,1
C103755,starter,annual,us,12,2,17.58,3.9,2,109,1,6,1,0
C103756,starter,monthly,apac,24,3,21.42,9.3,3,4302,2,7,2,1
C103757,starter,monthly,eu,22,2,20.68,3.8,0,354,0,5,0,1
C103758,enterprise,monthly,eu,55,87,323.09,979.0,29,69270,1,8,5,0
C103759,starter,monthly,us,8,2,20.68,5.5,2,236,0,9,1,0
C103760,enterprise,monthly,eu,1,75,310.28,57.0,24,2497,0,6,3,0
C103761,starter,annual,us,32,3,18.21,3.6,2,276,0,9,1,0
C103762,starter,monthly,eu,19,3,21.42,3.3,1,7978,2,8,1,1
C103763,starter,monthly,eu,32,9,24.36,9.7,4,570,0,10,2,0
C103764,starter,annual,apac,21,4,18.73,11.9,2,4601,1,10,2,0
C103765,growth,monthly,eu,1,23,77.71,19.5,6,6972,1,9,3,0
C103766,growth,annual,us,22,13,59.66,19.4,8,3241,1,7,2,0
C103767,starter,monthly,us,8,4,22.04,18.2,4,474,1,10,0,0
C103768,growth,annual,eu,12,15,61.1,19.5,10,1489,1,7,2,0
C103769,growth,annual,eu,14,18,63.08,53.4,4,6662,2,7,0,0
C103770,enterprise,monthly,eu,5,110,345.37,61.3,39,79501,0,6,4,0
C103771,enterprise,monthly,us,8,62,295.18,86.9,27,16335,2,8,4,1
C103772,growth,monthly,eu,28,14,71.05,14.1,6,6090,2,10,0,0
C103773,growth,annual,us,28,14,60.39,32.3,5,2134,2,5,1,1
C103774,growth,annual,eu,3,13,59.66,11.8,12,20572,3,5,1,1
C103775,starter,monthly,eu,19,4,22.04,34.9,2,1153,1,5,1,1
C103776,growth,monthly,eu,30,15,71.88,8.9,9,20881,1,10,1,0
C103777,starter,annual,eu,17,8,20.37,34.1,5,759,1,8,3,0
C103778,growth,monthly,eu,20,68,99.52,228.2,30,14414,2,10,1,0
C103779,enterprise,annual,apac,3,60,248.81,135.4,12,34756,1,6,6,0
C103780,starter,annual,eu,37,4,18.73,8.5,5,1057,0,5,2,0
C103781,growth,monthly,us,6,30,82.02,201.5,12,10597,1,10,0,0
C103782,enterprise,monthly,us,12,70,304.64,716.1,24,6408,2,6,4,0
C103783,starter,monthly,us,30,2,20.68,4.0,1,340,1,9,2,0
C103784,growth,monthly,us,47,42,88.36,85.5,17,4226,1,5,1,0
C103785,enterprise,annual,eu,13,112,295.11,137.6,37,22861,1,8,3,0
C103786,enterprise,annual,us,64,93,279.78,74.3,35,17311,2,7,5,0
C103787,starter,annual,eu,18,8,20.37,21.3,3,1124,2,4,2,0
C103788,starter,monthly,us,16,5,22.59,11.9,2,2032,1,10,4,0
C103789,growth,monthly,eu,7,17,73.46,10.2,10,1453,1,6,2,1
C103790,starter,annual,us,12,2,17.58,6.3,3,71,2,5,3,1
C103791,starter,monthly,us,19,3,21.42,7.8,2,424,3,6,1,0
C103792,starter,monthly,us,24,7,23.54,8.9,0,11033,1,3,4,0
C103793,starter,monthly,eu,23,5,22.59,6.3,3,1820,1,7,3,1
C103794,growth,annual,us,11,16,61.78,40.1,8,1667,0,6,0,0
C103795,growth,annual,us,41,43,75.52,241.8,25,14195,1,9,1,0
C103796,growth,monthly,us,17,16,72.68,39.4,8,3164,0,8,1,0
C103797,growth,annual,eu,16,29,69.22,91.9,14,9114,0,5,1,1
C103798,starter,monthly,eu,6,4,22.04,4.6,3,2055,0,6,1,0
C103799,starter,monthly,eu,26,10,24.74,14.2,3,2678,0,10,1,0
C103800,starter,monthly,us,15,5,22.59,15.3,2,1282,0,5,1,1
C103801,starter,annual,eu,13,4,18.73,3.2,1,3544,0,9,0,1
C103802,starter,monthly,us,4,3,21.42,7.4,1,1154,1,6,2,1
C103803,starter,monthly,us,5,3,21.42,9.0,1,846,3,5,5,1
C103804,starter,monthly,us,21,2,20.68,4.5,2,509,1,6,2,0
C103805,starter,annual,us,45,2,17.58,5.8,1,294,1,10,0,0
C103806,growth,annual,us,13,21,64.91,40.4,12,1522,0,4,0,0
C103807,growth,monthly,us,13,13,70.19,15.8,10,5320,0,9,1,0
C103808,enterprise,annual,eu,26,61,249.86,48.6,16,42495,1,10,4,0
C103809,growth,monthly,us,36,17,73.46,29.7,8,5570,0,6,4,0
C103810,growth,monthly,apac,10,18,74.21,83.2,12,6673,0,9,0,0
C103811,starter,monthly,us,6,4,22.04,16.8,3,419,1,9,1,0
C103812,growth,annual,apac,15,42,75.1,60.2,17,5432,3,6,0,0
C103813,starter,monthly,apac,23,5,22.59,7.7,0,363,2,5,2,1
C103814,starter,monthly,us,1,11,25.09,15.3,1,1973,4,7,2,1
C103815,starter,monthly,us,11,3,21.42,4.7,2,1720,0,8,3,0
C103816,starter,monthly,us,14,5,22.59,12.2,0,614,1,7,3,0
C103817,starter,annual,eu,12,3,18.21,13.4,0,664,1,9,1,0
C103818,growth,annual,eu,4,13,59.66,118.9,7,5476,1,6,2,0
C103819,growth,monthly,us,11,52,92.97,52.9,14,34083,4,5,0,1
C103820,growth,annual,us,14,12,58.9,35.7,6,611,1,7,1,0
C103821,growth,monthly,eu,7,5,61.53,14.6,5,749,2,8,2,0
C103822,growth,monthly,us,19,12,69.29,17.9,7,1384,0,10,0,0
C103823,starter,monthly,us,29,1,19.72,1.4,0,123,1,8,1,0
C103824,growth,annual,us,30,11,58.11,25.2,3,1750,0,9,0,0
C103825,growth,monthly,eu,9,11,68.36,91.7,5,428,1,7,0,0
C103826,starter,annual,us,23,4,18.73,9.9,3,668,2,7,3,0
C103827,starter,monthly,eu,21,1,19.72,1.6,0,279,1,6,1,0
C103828,enterprise,annual,eu,52,145,318.92,234.7,51,12495,3,8,4,0
C103829,growth,monthly,eu,23,7,64.12,6.1,3,1031,1,8,2,0
C103830,starter,annual,eu,24,3,18.21,6.5,5,723,0,8,0,0
C103831,growth,annual,eu,33,15,61.1,45.2,5,3731,1,7,3,0
C103832,starter,monthly,us,5,6,23.08,7.3,4,315,1,7,0,1
C103833,starter,annual,eu,16,4,18.73,0.8,3,1747,0,10,2,0
C103834,starter,monthly,eu,47,7,23.54,16.5,0,3051,3,8,2,0
C103835,starter,monthly,apac,48,3,21.42,4.5,2,364,0,9,1,0
C103836,growth,monthly,us,11,14,71.05,15.5,9,14171,0,8,1,0
C103837,starter,annual,apac,46,4,18.73,4.8,6,1402,0,7,1,0
C103838,growth,annual,us,13,30,69.71,72.8,9,8800,2,9,2,0
C103839,starter,monthly,eu,20,6,23.08,8.9,5,2533,1,7,4,1
C103840,growth,annual,apac,3,21,64.91,74.4,10,1843,1,5,4,0
C103841,growth,monthly,apac,40,20,75.66,72.1,2,3238,2,6,2,1
C103842,growth,monthly,us,12,17,73.46,26.1,10,6608,2,10,1,0
C103843,growth,monthly,us,4,22,77.04,28.2,17,2385,0,10,1,0
C103844,enterprise,monthly,us,14,221,429.43,436.1,78,35441,3,7,4,0
C103845,growth,monthly,us,1,15,71.88,25.3,4,5754,3,9,4,1
C103846,growth,monthly,us,25,15,71.88,8.2,6,4427,0,8,2,0
C103847,growth,monthly,us,35,14,71.05,100.0,8,3190,1,10,0,0
C103848,starter,monthly,eu,6,4,22.04,13.5,4,984,1,7,0,0
C103849,starter,annual,eu,6,1,16.76,2.0,1,231,0,8,2,0
C103850,starter,monthly,eu,24,3,21.42,1.7,4,1530,1,6,3,0
C103851,starter,annual,eu,26,6,19.62,10.4,1,8988,0,7,0,0
C103852,starter,monthly,eu,9,3,21.42,4.2,1,924,1,2,2,0
C103853,starter,monthly,apac,7,4,22.04,7.9,3,2948,1,8,1,1
C103854,growth,monthly,eu,31,51,92.53,20.4,19,7607,0,10,1,0
C103855,starter,annual,eu,4,4,18.73,5.9,2,504,0,10,0,0
C103856,growth,monthly,eu,11,5,61.53,7.5,3,566,0,8,1,0
C103857,starter,monthly,us,7,1,19.72,2.4,0,118,2,7,1,0
C103858,growth,annual,us,24,15,61.1,23.7,7,2572,3,6,1,0
C103859,starter,annual,us,8,2,17.58,4.8,0,1088,2,6,0,0
C103860,starter,monthly,apac,34,4,22.04,23.8,0,2293,0,4,1,0
C103861,starter,monthly,apac,10,3,21.42,4.5,1,449,1,7,1,0
C103862,growth,monthly,us,21,32,83.15,31.0,13,5297,2,5,3,1
C103863,starter,monthly,us,8,2,20.68,1.4,1,489,0,6,0,1
C103864,enterprise,annual,eu,18,72,260.88,91.3,29,19617,1,7,4,0
C103865,starter,monthly,us,9,4,22.04,3.1,2,1577,1,8,2,0
C103866,growth,monthly,eu,6,21,76.36,76.0,12,3261,3,4,0,1
C103867,starter,monthly,us,26,4,22.04,7.7,3,777,1,7,0,0
C103868,growth,monthly,eu,8,5,61.53,19.3,0,3892,0,9,1,0
C103869,starter,annual,eu,8,4,18.73,22.9,3,724,2,10,1,0
C103870,starter,monthly,eu,17,3,21.42,3.5,1,423,1,7,2,0
C103871,starter,monthly,us,19,6,23.08,9.3,3,1268,0,10,2,0
C103872,starter,monthly,us,6,5,22.59,25.4,6,1234,0,9,2,0
C103873,starter,monthly,eu,22,4,22.04,9.4,2,232,2,8,0,0
C103874,enterprise,monthly,us,8,93,329.16,242.6,26,13758,0,10,4,0
C103875,starter,monthly,eu,4,7,23.54,28.0,4,2320,1,6,1,0
C103876,starter,annual,us,12,7,20.01,25.5,4,9658,1,5,2,1
C103877,enterprise,annual,eu,12,91,278.08,219.6,38,12469,0,9,6,0
C103878,starter,annual,eu,21,11,21.33,55.3,5,4917,0,9,0,0
C103879,starter,annual,us,53,2,17.58,4.4,0,576,0,10,4,0
C103880,growth,monthly,us,17,9,66.36,24.7,4,5766,3,10,1,1
C103881,enterprise,monthly,us,23,79,314.65,126.5,33,9986,3,10,2,0
C103882,growth,monthly,us,3,14,71.05,53.5,9,8448,1,4,2,1
C103883,starter,annual,apac,35,1,16.76,1.7,1,954,1,7,1,0
C103884,enterprise,monthly,eu,14,57,288.96,31.9,22,46203,0,7,3,0
C103885,starter,monthly,eu,5,4,22.04,13.0,2,3361,0,10,1,0
C103886,enterprise,monthly,apac,34,77,312.48,68.4,28,20174,1,8,6,0
C103887,growth,monthly,eu,14,12,69.29,10.3,5,4554,3,10,4,0
C103888,enterprise,annual,us,30,81,269.28,355.9,35,12250,2,8,2,0
C103889,starter,annual,eu,57,4,18.73,16.1,2,126,0,7,4,0
C103890,starter,monthly,us,4,5,22.59,7.9,3,1448,3,9,1,1
C103891,growth,annual,eu,8,13,59.66,2.9,6,2517,2,8,1,0
C103892,growth,monthly,us,26,27,80.24,72.0,7,14251,0,8,1,0
C103893,growth,monthly,us,15,10,67.39,30.2,3,4888,1,9,1,0
C103894,enterprise,monthly,eu,1,62,295.18,161.7,24,5263,0,8,7,0
C103895,growth,annual,eu,11,42,75.1,106.5,16,76262,1,9,1,0
C103896,starter,monthly,eu,12,2,20.68,4.1,0,695,0,8,1,1
C103897,starter,monthly,eu,14,2,20.68,3.5,1,154,3,8,3,1
C103898,starter,annual,eu,8,2,17.58,2.1,1,175,0,5,4,0
C103899,starter,monthly,apac,41,2,20.68,2.8,1,69,0,9,2,0
C103900,starter,monthly,eu,3,4,22.04,10.3,2,1849,0,10,2,0
C103901,growth,annual,eu,20,25,67.15,58.3,9,3454,2,4,1,1
C103902,growth,annual,us,9,17,62.44,54.9,8,1779,2,9,0,0
C103903,growth,annual,eu,9,15,61.1,10.5,7,1876,0,7,1,0
C103904,starter,annual,eu,37,2,17.58,1.4,1,374,1,7,2,0
C103905,growth,monthly,us,12,12,69.29,17.3,7,4516,2,9,3,0
C103906,growth,monthly,us,20,8,65.28,7.5,4,412,1,7,1,0
C103907,enterprise,annual,us,28,115,297.41,236.9,45,9679,1,8,4,0
C103908,growth,monthly,eu,15,26,79.63,19.1,7,8769,0,7,2,0
C103909,growth,monthly,us,37,17,73.46,72.2,6,2220,4,10,1,0
C103910,growth,annual,apac,4,22,65.49,22.8,10,8259,1,7,0,0
C103911,starter,monthly,apac,21,6,23.08,36.0,3,876,1,6,4,0
C103912,enterprise,monthly,apac,54,84,319.97,219.7,32,76457,3,8,7,0
C103913,starter,annual,eu,20,8,20.37,7.4,3,2184,0,6,2,0
C103914,starter,annual,apac,2,2,17.58,19.9,0,1477,0,8,2,0
C103915,starter,annual,us,21,3,18.21,7.7,0,1131,1,10,3,0
C103916,growth,annual,us,42,14,60.39,29.4,8,5267,3,7,3,0
C103917,growth,monthly,us,11,24,78.36,42.2,11,2708,2,5,1,1
C103918,growth,annual,apac,11,8,55.48,21.3,3,5176,1,7,1,0
C103919,starter,monthly,eu,26,8,23.96,22.2,0,2198,0,9,0,0
C103920,starter,annual,us,22,5,19.2,5.5,5,487,0,8,2,0
C103921,enterprise,monthly,us,16,191,409.35,296.9,78,6299,1,9,7,0
C103922,starter,annual,us,8,3,18.21,6.9,1,805,2,6,2,1
C103923,enterprise,monthly,us,10,60,292.72,163.9,26,51474,2,7,3,0
C103924,starter,annual,eu,6,5,19.2,15.2,2,508,1,9,1,0
C103925,growth,monthly,eu,2,30,82.02,61.7,13,2852,0,10,0,0
C103926,growth,monthly,eu,35,12,69.29,15.4,6,2024,1,7,1,0
C103927,growth,monthly,us,27,6,62.88,7.7,1,3691,1,7,1,0
C103928,starter,monthly,us,25,1,19.72,1.2,0,52,0,10,3,0
C103929,enterprise,annual,us,24,91,278.08,249.5,32,11179,0,8,3,0
C103930,growth,monthly,us,13,38,86.36,45.1,22,3402,1,9,1,0
C103931,growth,monthly,us,11,9,66.36,15.0,2,3367,2,6,2,0
C103932,growth,monthly,eu,5,15,71.88,33.1,8,2946,0,7,1,0
C103933,starter,monthly,us,28,3,21.42,6.4,2,520,3,6,2,0
C103934,starter,annual,apac,72,10,21.03,18.9,4,1913,0,4,3,0
C103935,starter,monthly,us,21,12,25.44,12.0,5,5451,0,6,1,0
C103936,starter,monthly,apac,31,4,22.04,9.9,3,2552,1,8,4,0
C103937,growth,monthly,apac,31,28,80.84,41.3,14,15616,1,9,2,0
C103938,starter,monthly,eu,44,6,23.08,11.1,3,2299,0,9,1,0
C103939,starter,annual,us,7,2,17.58,10.3,1,1703,2,8,1,1
C103940,starter,monthly,us,3,5,22.59,14.2,3,497,0,7,0,0
C103941,starter,monthly,us,18,2,20.68,3.1,0,695,1,4,1,0
C103942,starter,annual,eu,14,3,18.21,5.8,2,5878,1,5,1,0
C103943,growth,monthly,eu,71,31,82.59,174.0,9,1315,0,10,4,0
C103944,starter,monthly,eu,6,4,22.04,6.6,6,575,1,6,1,0
C103945,enterprise,monthly,us,53,138,369.55,256.5,56,11971,2,7,3,0
C103946,starter,annual,eu,14,7,20.01,21.6,8,2062,1,8,2,0
C103947,starter,monthly,eu,5,1,19.72,3.3,1,985,0,4,3,1
C103948,enterprise,monthly,us,47,26,241.9,36.8,4,9360,1,8,2,0
C103949,starter,annual,eu,7,7,20.01,8.1,6,1308,0,10,2,0
C103950,starter,annual,apac,31,7,20.01,13.5,1,2598,1,7,3,0
C103951,enterprise,monthly,eu,18,90,326.15,258.4,24,15294,1,7,0,0
C103952,enterprise,annual,eu,53,97,283.13,442.7,34,25478,2,5,4,1
C103953,growth,monthly,apac,36,28,80.84,18.4,13,10836,4,7,0,1
C103954,starter,annual,us,14,6,19.62,40.5,3,6635,2,9,1,0
C103955,growth,annual,us,47,15,61.1,22.9,3,5020,2,7,1,0
C103956,enterprise,monthly,us,23,129,362.07,445.5,44,34583,3,6,5,0
C103957,enterprise,monthly,eu,16,67,301.16,72.6,28,92371,1,10,4,0
C103958,starter,monthly,us,18,4,22.04,2.7,4,160,1,7,2,0
C103959,starter,annual,eu,32,4,18.73,3.3,3,856,0,7,0,0
C103960,starter,monthly,us,13,2,20.68,3.6,1,251,2,8,3,0
C103961,starter,monthly,eu,10,2,20.68,6.6,0,395,2,10,1,0
C103962,growth,annual,us,8,55,80.13,102.2,18,20924,1,7,2,1
C103963,starter,annual,eu,21,2,17.58,3.9,2,1184,1,6,2,0
C103964,starter,monthly,eu,9,4,22.04,17.9,3,582,1,9,0,0
C103965,starter,annual,eu,32,5,19.2,10.0,4,2100,0,7,2,0
C103966,starter,monthly,us,13,3,21.42,7.8,1,317,0,9,0,0
C103967,starter,annual,eu,24,5,19.2,88.3,2,363,1,3,1,1
C103968,starter,monthly,us,38,4,22.04,8.2,3,991,2,7,2,0
C103969,starter,monthly,eu,45,2,20.68,2.8,2,403,0,7,3,0
C103970,enterprise,annual,us,19,104,288.83,263.5,38,87700,0,5,3,0
C103971,starter,monthly,eu,2,3,21.42,10.7,1,4822,2,5,3,1
C103972,growth,monthly,apac,2,42,88.36,94.6,15,5372,1,7,1,0
C103973,starter,monthly,eu,32,4,22.04,9.2,3,182,1,5,2,0
C103974,starter,annual,eu,7,2,17.58,13.0,2,143,2,1,0,1
C103975,starter,annual,eu,12,4,18.73,21.2,2,438,0,5,3,0
C103976,starter,annual,eu,35,2,17.58,4.2,1,591,1,5,0,1
C103977,starter,annual,us,10,4,18.73,5.2,4,735,0,7,3,0
C103978,starter,annual,eu,5,3,18.21,8.6,3,229,2,5,2,1
C103979,growth,monthly,apac,13,11,68.36,13.2,2,12326,5,7,0,1
C103980,starter,monthly,us,28,2,20.68,8.5,1,890,1,5,1,1
C103981,starter,annual,eu,10,13,21.9,32.8,2,14172,2,9,2,0
C103982,growth,annual,us,25,18,63.08,216.5,7,793,1,8,4,0
C103983,starter,annual,eu,5,3,18.21,18.0,1,2232,1,7,1,0
C103984,starter,annual,eu,8,2,17.58,2.2,2,428,1,8,3,0
C103985,starter,monthly,eu,13,5,22.59,7.0,2,808,2,9,0,1
C103986,starter,annual,eu,39,2,17.58,1.2,2,501,1,8,0,0
C103987,starter,annual,eu,11,2,17.58,1.0,2,261,0,8,2,0
C103988,enterprise,annual,apac,10,78,266.53,153.1,30,15132,1,3,5,0
C103989,enterprise,annual,us,10,78,266.53,61.4,27,40337,0,6,1,0
C103990,enterprise,monthly,apac,25,64,297.6,366.6,23,2415,0,6,6,0
C103991,starter,annual,eu,30,2,17.58,10.3,0,1886,1,10,3,0
C103992,starter,monthly,apac,37,3,21.42,5.3,3,1011,1,7,3,0
C103993,starter,annual,eu,59,3,18.21,5.1,1,643,0,6,3,0
C103994,starter,monthly,eu,21,2,20.68,13.0,3,1137,1,9,2,0
C103995,starter,monthly,us,9,4,22.04,27.2,2,1290,0,4,3,1
C103996,starter,monthly,eu,14,12,25.44,11.8,8,1747,1,7,0,0
C103997,starter,monthly,eu,7,7,23.54,6.5,3,793,1,3,2,1
C103998,starter,monthly,us,18,10,24.74,15.4,7,8676,1,6,1,1
C103999,starter,annual,us,8,3,18.21,8.7,4,188,0,6,2,0
